tracker,model,dataset,batch_size,epochs_from,epochs_to,accuracy_from,accuracy_to,delta_accuracy,co2_from,co2_to,delta_co2_kg,incremental_AER
codecarbon,SimpleNN,MNIST,32,2,3,0.9683,0.9674,-0.0009000000000000119,9.569137882733366e-07,1.5435825908531562e-06,5.866688025798196e-07,-1534.0853238528255
codecarbon,SimpleNN,MNIST,32,3,4,0.9674,0.974,0.006599999999999939,1.5435825908531562e-06,2.045581016802847e-06,5.019984259496909e-07,13147.451583167664
codecarbon,SimpleNN,MNIST,32,4,4,0.974,0.9579,-0.016100000000000003,2.045581016802847e-06,2.208067718172704e-06,1.62486701369857e-07,-99085.03197041775
codecarbon,SimpleNN,MNIST,32,4,4,0.9747,0.9635,-0.011199999999999988,1.892439863796166e-06,1.9491604854926395e-06,5.672062169647345e-08,-197459.04866723873
codecarbon,SimpleNN,MNIST,32,4,5,0.9635,0.9687,0.005199999999999982,1.9491604854926395e-06,2.4789720394608492e-06,5.298115539682098e-07,9814.810494510275
codecarbon,SimpleNN,MNIST,32,5,5,0.9687,0.9638,-0.0049000000000000155,2.4789720394608492e-06,2.489059825273246e-06,1.0087785812396677e-08,-485735.9276976821
codecarbon,SimpleNN,MNIST,64,2,3,0.9718,0.9478,-0.02400000000000002,7.923127683586567e-07,1.1959866682948242e-06,4.036738999361675e-07,-59453.9305211338
codecarbon,SimpleNN,MNIST,64,3,3,0.9478,0.9714,0.023600000000000065,1.1959866682948242e-06,1.198755222144011e-06,2.768553849186697e-09,8524305.932114309
codecarbon,SimpleNN,MNIST,64,3,4,0.9714,0.9707,-0.0007000000000000339,1.198755222144011e-06,1.6525562729585402e-06,4.538010508145293e-07,-1542.52617693062
codecarbon,SimpleNN,MNIST,64,4,5,0.9344,0.9743,0.03990000000000005,1.5756298365518685e-06,1.9570177015123103e-06,3.8138786496044185e-07,104617.90650874154
codecarbon,SimpleNN,MNIST,64,5,5,0.9743,0.9731,-0.0012000000000000899,1.9570177015123103e-06,2.21290696838067e-06,2.5588926686835974e-07,-4689.528461611563
codecarbon,SimpleNN,MNIST,64,5,6,0.9731,0.9757,0.0026000000000000467,2.21290696838067e-06,2.4875756656496127e-06,2.7466869726894264e-07,9465.94943600089
codecarbon,SimpleNN,MNIST,128,2,3,0.9674,0.943,-0.02440000000000009,7.032818991393487e-07,1.0131033134751113e-06,3.0982141433576264e-07,-78755.04684630058
codecarbon,SimpleNN,MNIST,128,3,3,0.943,0.9702,0.027200000000000002,1.0131033134751113e-06,1.0934779401685456e-06,8.037462669343429e-08,338415.257637793
codecarbon,SimpleNN,MNIST,128,3,3,0.9702,0.9422,-0.027999999999999914,1.0934779401685456e-06,1.1977604835995525e-06,1.0428254343100688e-07,-268501.3145898638
codecarbon,SimpleNN,MNIST,128,3,4,0.9719,0.9547,-0.017199999999999993,1.036475676262053e-06,1.4566185222215756e-06,4.2014284595952263e-07,-40938.45739707555
codecarbon,SimpleNN,MNIST,128,4,5,0.9547,0.9695,0.014800000000000035,1.4566185222215756e-06,4.624996986062118e-06,3.168378463840542e-06,4671.159133577828
codecarbon,SimpleNN,MNIST,256,2,3,0.9418,0.9117,-0.030100000000000016,6.571948785680292e-07,1.1061258118532383e-06,4.4893093328520916e-07,-67048.17549490907
codecarbon,SimpleNN,MNIST,256,3,3,0.9445,0.9722,0.027699999999999947,9.759356655327174e-07,1.1173544736969072e-06,1.414188081641898e-07,195872.1075335308
codecarbon,SimpleNN,MNIST,256,3,3,0.9722,0.9271,-0.04509999999999992,1.1173544736969072e-06,1.1604318002947991e-06,4.3077326597891944e-08,-1046954.4784194421
codecarbon,SimpleNN,MNIST,256,3,4,0.9738,0.9456,-0.028200000000000003,1.010699121970613e-06,1.3112044821925903e-06,3.0050536022197736e-07,-93841.92008811164
codecarbon,SimpleNN,MNIST,256,4,5,0.9722,0.9207,-0.05149999999999999,1.274255712877418e-06,1.62614541435001e-06,3.5188970147259206e-07,-146352.67751367032
codecarbon,SimpleNN,MNIST,256,5,5,0.9161,0.9767,0.06059999999999999,1.6000212881384696e-06,1.8657270266724728e-06,2.6570573853400315e-07,228071.85247241028
codecarbon,SimpleNN,MNIST,256,5,6,0.9353,0.9681,0.03279999999999994,1.5995417652607537e-06,1.91323445418076e-06,3.136926889200061e-07,104560.93227076827
codecarbon,SimpleNN,MNIST,256,6,6,0.9681,0.9775,0.009400000000000075,1.91323445418076e-06,2.172669054666552e-06,2.594346004857922e-07,36232.63813846936
cumulator,SimpleNN,MNIST,32,1,1,0.9485,0.9303,-0.018199999999999994,2.3023207717471653e-06,2.5172271079487273e-06,2.1490633620156203e-07,-84688.05676781022
cumulator,SimpleNN,MNIST,32,1,1,0.9303,0.9636,0.033299999999999996,2.5172271079487273e-06,2.568278963036007e-06,5.1051855087279734e-08,652277.9621439681
cumulator,SimpleNN,MNIST,32,1,2,0.93,0.9602,0.030200000000000005,2.533739182684157e-06,4.2892113208770754e-06,1.7554721381929184e-06,17203.349083676065
cumulator,SimpleNN,MNIST,32,2,2,0.9602,0.9611,0.0008999999999999009,4.2892113208770754e-06,4.490308472845289e-06,2.0109715196821372e-07,4475.448762905199
cumulator,SimpleNN,MNIST,32,2,2,0.9639,0.9724,0.008500000000000063,4.303662433889177e-06,5.250487939516703e-06,9.468255056275265e-07,8977.366948270503
cumulator,SimpleNN,MNIST,32,2,3,0.9727,0.9678,-0.0049000000000000155,4.5206025732888114e-06,6.611232516500685e-06,2.0906299432118733e-06,-2343.7911696950323
cumulator,SimpleNN,MNIST,32,3,3,0.9678,0.9753,0.007499999999999951,6.611232516500685e-06,7.223825767305162e-06,6.125932508044769e-07,12243.03400364061
cumulator,SimpleNN,MNIST,32,3,4,0.9753,0.9762,0.0009000000000000119,7.223825767305162e-06,8.41272261540095e-06,1.1888968480957877e-06,757.004277908137
cumulator,SimpleNN,MNIST,32,4,4,0.9762,0.9725,-0.0036999999999999256,8.41272261540095e-06,9.472803183396657e-06,1.0600805679957073e-06,-3490.300748551131
cumulator,SimpleNN,MNIST,32,4,4,0.9659,0.9654,-0.0004999999999999449,8.680430371231503e-06,9.430088686943056e-06,7.496583157115537e-07,-666.9705244653487
cumulator,SimpleNN,MNIST,32,4,4,0.9346,0.9626,0.028000000000000025,8.65751629140642e-06,8.693552568223741e-06,3.6036276817320766e-08,776994.8083688235
cumulator,SimpleNN,MNIST,32,4,4,0.9556,0.9717,0.016100000000000003,8.62157321770986e-06,8.730394650830163e-06,1.0882143312030308e-07,147948.7959159783
cumulator,SimpleNN,MNIST,32,4,5,0.9717,0.969,-0.0027000000000000357,8.730394650830163e-06,1.0837524015373651e-05,2.1071293645434884e-06,-1281.364137120738
cumulator,SimpleNN,MNIST,32,5,5,0.963,0.9759,0.012900000000000023,1.0323868963453505e-05,1.122129712369707e-05,8.974281602435658e-07,14374.40964243746
cumulator,SimpleNN,MNIST,64,1,1,0.9219,0.9343,0.012399999999999967,1.9303042186631097e-06,1.9655362327893574e-06,3.52320141262477e-08,351952.62909372017
cumulator,SimpleNN,MNIST,64,1,1,0.9343,0.9365,0.0021999999999999797,1.9655362327893574e-06,2.0731966389550104e-06,1.0766040616565295e-07,20434.624746027093
cumulator,SimpleNN,MNIST,64,1,2,0.9677,0.9622,-0.005499999999999949,1.967323757542505e-06,3.759979311625163e-06,1.7926555540826578e-06,-3068.0740577709157
cumulator,SimpleNN,MNIST,64,2,3,0.9622,0.9659,0.0036999999999999256,3.759979311625163e-06,5.283698495229085e-06,1.5237191836039224e-06,2428.268961770654
cumulator,SimpleNN,MNIST,64,3,3,0.9659,0.9383,-0.027599999999999958,5.283698495229085e-06,5.810352296299405e-06,5.266538010703198e-07,-52406.34349150886
cumulator,SimpleNN,MNIST,64,3,4,0.9383,0.9673,0.029000000000000026,5.810352296299405e-06,6.885857980781131e-06,1.0755056844817263e-06,26964.06017972354
cumulator,SimpleNN,MNIST,64,4,4,0.9673,0.9733,0.006000000000000005,6.885857980781131e-06,7.668539828724331e-06,7.826818479432e-07,7665.950112127081
cumulator,SimpleNN,MNIST,64,4,5,0.9691,0.9619,-0.007199999999999984,6.97900092071957e-06,8.596612681282892e-06,1.6176117605633217e-06,-4451.006215170342
cumulator,SimpleNN,MNIST,64,5,5,0.9619,0.9496,-0.012299999999999978,8.596612681282892e-06,8.698547885153028e-06,1.0193520387013634e-07,-120664.88840960147
cumulator,SimpleNN,MNIST,128,1,1,0.8813,0.9315,0.05020000000000002,1.7092674626244435e-06,1.7744775507185194e-06,6.521008809407591e-08,769819.5396942041
cumulator,SimpleNN,MNIST,128,1,2,0.9315,0.9725,0.041000000000000036,1.7744775507185194e-06,3.4596510807673137e-06,1.6851735300487943e-06,24329.838600546307
cumulator,SimpleNN,MNIST,128,2,3,0.9725,0.9755,0.0030000000000000027,3.4596510807673137e-06,5.081816523604923e-06,1.6221654428376094e-06,1849.379798617942
cumulator,SimpleNN,MNIST,128,3,3,0.9346,0.9737,0.039100000000000024,4.614768278598785e-06,4.790491343869103e-06,1.7572306527031785e-07,222509.207541149
cumulator,SimpleNN,MNIST,128,3,4,0.9737,0.9644,-0.009299999999999975,4.790491343869103e-06,6.377477546532949e-06,1.586986202663846e-06,-5860.164369664588
cumulator,SimpleNN,MNIST,128,4,5,0.9753,0.9802,0.0049000000000000155,6.3319857822524175e-06,8.19731909301546e-06,1.8653333107630425e-06,2626.8763720279017
cumulator,SimpleNN,MNIST,128,5,5,0.9802,0.9705,-0.009699999999999931,8.19731909301546e-06,8.261425557401446e-06,6.410646438598581e-08,-151310.79358231506
cumulator,SimpleNN,MNIST,128,5,5,0.9672,0.965,-0.0021999999999999797,7.655641998185052e-06,7.760247687498728e-06,1.0460568931367537e-07,-21031.36086033485
cumulator,SimpleNN,MNIST,128,5,5,0.965,0.9622,-0.0027999999999999137,7.760247687498728e-06,7.875561551253e-06,1.1531386375427307e-07,-24281.55565029497
eco2ai,SimpleNN,MNIST,32,1,1,0.9565,0.9561,-0.00040000000000006697,3.5669087747755165e-08,4.9018757593031115e-08,1.334966984527595e-08,-29963.28782929527
eco2ai,SimpleNN,MNIST,32,1,2,0.9561,0.9711,0.015000000000000013,4.9018757593031115e-08,8.117149176703914e-08,3.215273417400803e-08,466523.3108581439
eco2ai,SimpleNN,MNIST,32,2,3,0.9716,0.9593,-0.012299999999999978,6.992892908338024e-08,1.0593469976585076e-07,3.6005770682470524e-08,-341611.90739317395
eco2ai,SimpleNN,MNIST,32,3,4,0.9261,0.9687,0.04259999999999997,8.653299651332241e-08,1.1746832077265345e-07,3.093532425933104e-08,1377066.541888615
eco2ai,SimpleNN,MNIST,32,4,4,0.9687,0.9668,-0.0019000000000000128,1.1746832077265345e-07,1.1990096365341308e-07,2.432642880759633e-09,-781043.5370631575
eco2ai,SimpleNN,MNIST,32,4,4,0.9697,0.9704,0.0007000000000000339,1.1786345268068669e-07,1.223079295922323e-07,4.444476911545613e-09,157498.8494555148
eco2ai,SimpleNN,MNIST,32,4,5,0.9757,0.9767,0.0010000000000000009,8.712670730418834e-08,1.4677823943015317e-07,5.965153212596483e-08,16764.028757690965
eco2ai,SimpleNN,MNIST,64,1,2,0.9067,0.9548,0.04810000000000003,3.0767773079369374e-08,5.8264407964190096e-08,2.7496634884820722e-08,1749304.9677345506
eco2ai,SimpleNN,MNIST,64,2,3,0.9548,0.9646,0.009800000000000031,5.8264407964190096e-08,9.484980321321568e-08,3.6585395249025585e-08,267866.45144310815
eco2ai,SimpleNN,MNIST,64,3,4,0.9716,0.9761,0.0044999999999999485,5.3713008659466436e-08,8.029120008127515e-08,2.6578191421808716e-08,169311.74618252905
eco2ai,SimpleNN,MNIST,64,4,4,0.9761,0.9762,9.999999999998899e-05,8.029120008127515e-08,1.1265329898049858e-07,3.236209889922343e-08,3090.034435386656
eco2ai,SimpleNN,MNIST,64,4,4,0.9734,0.9682,-0.0052000000000000934,1.025181293567657e-07,1.1568700955817149e-07,1.3168880201405792e-08,-394870.3246191721
eco2ai,SimpleNN,MNIST,64,4,5,0.939,0.9731,0.03410000000000002,1.0109351810938896e-07,1.209291012187551e-07,1.9835583109366144e-08,1719132.722843846
eco2ai,SimpleNN,MNIST,64,5,5,0.9739,0.9736,-0.00029999999999996696,1.1646292922638764e-07,1.2788859029629526e-07,1.1425661069907615e-08,-26256.686432795846
eco2ai,SimpleNN,MNIST,64,5,5,0.9478,0.944,-0.0038000000000000256,1.1530939088785497e-07,1.1689473612951577e-07,1.5853452416607942e-09,-2396954.2407174213
eco2ai,SimpleNN,MNIST,128,1,1,0.9205,0.9209,0.00040000000000006697,4.286338287897688e-08,4.455836129698217e-08,1.6949784180052894e-09,235991.2054047279
eco2ai,SimpleNN,MNIST,128,1,2,0.8787,0.9596,0.08089999999999997,3.854613639347773e-08,5.6718248374616406e-08,1.8172111981138675e-08,4451876.594419419
eco2ai,SimpleNN,MNIST,128,2,2,0.9596,0.9633,0.0037000000000000366,5.6718248374616406e-08,6.105930267057743e-08,4.341054295961024e-09,852327.5102646302
eco2ai,SimpleNN,MNIST,128,2,2,0.9194,0.9194,0.0,5.7066277680682144e-08,5.948503223030824e-08,2.418754549626098e-09,0.0
eco2ai,SimpleNN,MNIST,128,2,2,0.9194,0.9599,0.04049999999999998,5.948503223030824e-08,6.02188405457238e-08,7.338083154155582e-10,55191525.01980669
eco2ai,SimpleNN,MNIST,128,2,2,0.9599,0.9212,-0.03869999999999996,6.02188405457238e-08,6.2743624942243e-08,2.524784396519206e-09,-15328041.496673424
eco2ai,SimpleNN,MNIST,128,2,3,0.9212,0.9089,-0.012299999999999978,6.2743624942243e-08,9.001532882972187e-08,2.7271703887478865e-08,-451016.9240157826
eco2ai,SimpleNN,MNIST,128,3,4,0.9694,0.9691,-0.000300000000000078,7.370748738077338e-08,1.1071098816617276e-07,3.700350078539938e-08,-8107.3410253780685
eco2ai,SimpleNN,MNIST,128,4,5,0.9402,0.9699,0.02969999999999995,9.146917352330737e-08,1.0919592405578017e-07,1.77267505324728e-08,1675433.9688818837
