tracker,trial,batch_size,learning_rate,hidden_size,epochs,accuracy,time_sec,energy_kwh,co2_kg
codecarbon,0,256,0.000999838598016,,6,0.9681,9.505661249160768,5.7850932038194475e-06,1.91323445418076e-06
codecarbon,1,256,0.0005696689627383,,4,0.9456,7.531053066253662,3.964720644756531e-06,1.3112044821925903e-06
codecarbon,2,32,0.0012792349948703,,4,0.974,9.484498977661133,6.185272700012842e-06,2.045581016802847e-06
codecarbon,3,256,0.0003188072631846,,3,0.9271,6.439568996429443,3.5088256469100533e-06,1.1604318002947991e-06
codecarbon,4,32,0.0004142997354919,,5,0.9687,11.45514702796936,7.495727597109468e-06,2.4789720394608492e-06
codecarbon,5,64,0.000304624588986,,3,0.9478,7.056469917297363,3.616333759561996e-06,1.1959866682948242e-06
codecarbon,6,128,0.0059008104407558,,2,0.9692,5.578336954116821,2.277993791242971e-06,7.533735506522929e-07
codecarbon,7,256,0.0079524365941003,,3,0.9722,6.418351173400879,3.378571694606605e-06,1.1173544736969072e-06
codecarbon,8,256,0.007216504296924,,3,0.9738,6.354405879974365,3.0560753329743557e-06,1.010699121970613e-06
codecarbon,9,128,0.0008592386269808,,5,0.9695,9.753612041473389,1.3984715032330014e-05,4.624996986062118e-06
codecarbon,10,256,0.0008026457534645,,2,0.9384,5.650141000747681,2.621181322797357e-06,8.668718447128962e-07
codecarbon,11,256,0.0032770441306377,,6,0.9775,9.856631994247437,6.569551867955635e-06,2.172669054666552e-06
codecarbon,12,32,0.0002317621031297,,2,0.9395,6.390782833099365,3.6264799173549464e-06,1.1993421853077933e-06
codecarbon,13,128,0.0020437317720166,,2,0.9598,5.510494947433472,2.2694349902927e-06,7.505430011196211e-07
codecarbon,14,128,0.0005515473859763,,4,0.9547,7.808599948883057,4.404412587828832e-06,1.4566185222215756e-06
codecarbon,15,64,0.0011735409000252,,5,0.9743,9.905272960662842,5.917481665685902e-06,1.9570177015123103e-06
codecarbon,16,64,0.0027461042946313,,2,0.9718,5.7404961585998535,2.395735243798815e-06,7.923127683586567e-07
codecarbon,17,128,0.0004010000918614,,3,0.943,6.601487159729004,3.0633449448627267e-06,1.0131033134751113e-06
codecarbon,18,128,0.0060452158663363,,3,0.9702,6.6371989250183105,3.306375643806946e-06,1.0934779401685456e-06
codecarbon,19,64,0.0008268636733519,,5,0.9731,9.690592765808104,6.691220218980128e-06,2.21290696838067e-06
codecarbon,20,128,0.0003936011615098,,3,0.9422,6.646326065063477,3.621697287718093e-06,1.1977604835995525e-06
codecarbon,21,32,0.000538968402115,,3,0.9674,8.037338256835938,4.667367941427912e-06,1.5435825908531562e-06
codecarbon,22,64,0.0063474212245907,,4,0.9707,8.609871864318848,4.996874294590981e-06,1.6525562729585402e-06
codecarbon,23,32,0.0068729932961272,,5,0.9638,11.582889080047607,7.52623027858552e-06,2.489059825273246e-06
codecarbon,24,128,0.0074116266416287,,5,0.9705,9.169906854629517,7.750454615052557e-06,2.5632148493809516e-06
codecarbon,25,32,0.0002442699171936,,4,0.9579,10.004592180252075,6.676587661308741e-06,2.208067718172704e-06
codecarbon,26,256,0.0045227163966703,,3,0.973,6.489292860031128,2.994053904844112e-06,9.901875193022351e-07
codecarbon,27,256,0.0001610215791742,,3,0.9117,6.528067111968994,3.3446193187345056e-06,1.1061258118532383e-06
codecarbon,28,128,0.0001497343823065,,3,0.9188,6.654914140701294,3.2648887352074703e-06,1.079757472730344e-06
codecarbon,29,32,0.0005357221165308,,4,0.9739,9.850000143051147,6.608676632198712e-06,2.1856083184474936e-06
codecarbon,30,256,0.0001455572487735,,5,0.9207,8.771924018859863,4.917015143868825e-06,1.62614541435001e-06
codecarbon,31,64,0.0039986781548044,,3,0.9714,7.125582933425903,3.6247051026675618e-06,1.198755222144011e-06
codecarbon,32,32,0.0010685780580763,,2,0.9676,6.513491868972778,3.096313481323201e-06,1.0240066019162463e-06
codecarbon,33,32,0.0094257834097608,,5,0.9671,11.28522801399231,7.206876312131451e-06,2.3834437201954894e-06
codecarbon,34,128,0.0056463960765453,,2,0.9722,5.500108003616333,2.1516804531958186e-06,7.115994561200148e-07
codecarbon,35,128,0.0031527935456514,,3,0.9719,6.6796510219573975,3.1340165224210745e-06,1.036475676262053e-06
codecarbon,36,256,0.0034826805983045,,4,0.9722,7.519663095474243,3.852997759049758e-06,1.274255712877418e-06
codecarbon,37,256,0.0022830356369824,,2,0.9583,5.317840814590454,2.008881229629662e-06,6.643731825006626e-07
codecarbon,38,32,0.0013806312185768,,2,0.9683,6.393605947494507,2.8934433211174975e-06,9.569137882733366e-07
codecarbon,39,256,0.0007175491776969,,3,0.9445,6.404816150665283,2.9509602305671823e-06,9.759356655327174e-07
codecarbon,40,32,0.0008612806752612,,4,0.9747,9.722607135772703,5.722216098900471e-06,1.892439863796166e-06
codecarbon,41,128,0.0073342515769671,,2,0.9674,5.513696193695068,2.126530455370886e-06,7.032818991393487e-07
codecarbon,42,256,0.0001110751164645,,5,0.9161,8.580344200134277,4.838022992817051e-06,1.6000212881384696e-06
codecarbon,43,64,0.0010897965840877,,6,0.9757,11.579664945602415,7.521742589304521e-06,2.4875756656496127e-06
codecarbon,44,256,0.0080730530101943,,5,0.9767,8.602820873260498,5.6414438484523754e-06,1.8657270266724728e-06
codecarbon,45,64,0.0001358728560845,,4,0.9344,8.523422241210938,4.764269971854778e-06,1.5756298365518685e-06
codecarbon,46,32,0.0003356976879637,,4,0.9635,9.667301177978516,5.893723611937177e-06,1.9491604854926395e-06
codecarbon,47,256,0.0002748779267071,,5,0.9353,8.724371910095215,4.836573047916211e-06,1.5995417652607537e-06
codecarbon,48,256,0.0009062529271869,,2,0.9418,5.307823896408081,1.9871760187471778e-06,6.571948785680292e-07
codecarbon,49,128,0.0004763672888013,,5,0.9584,8.975073099136353,5.074058627811881e-06,1.67808252127269e-06
eco2ai,0,128,0.0077381174431891,256,4,0.9691,6.483269929885864,3.287982922188349e-07,1.1071098816617276e-07
eco2ai,1,64,0.0016067522785321,64,4,0.9682,6.678242921829224,3.43576476054371e-07,1.1568700955817149e-07
eco2ai,2,64,0.0044575646725415,64,3,0.9646,5.417115688323975,2.816924844622311e-07,9.484980321321568e-08
eco2ai,3,128,0.0001303086216288,64,3,0.9089,5.106026887893677,2.673346781830333e-07,9.001532882972187e-08
eco2ai,4,128,0.0001241457871572,256,4,0.9325,6.735248804092407,2.805093481837654e-07,9.44514246643484e-08
eco2ai,5,128,0.0008476949388451,256,2,0.9599,4.179225921630859,1.7884269898407488e-07,6.02188405457238e-08
eco2ai,6,32,0.0045671165164281,128,4,0.9687,8.557564973831177,3.4886675568183517e-07,1.1746832077265345e-07
eco2ai,7,32,0.0022696374739022,64,4,0.9668,8.723846197128296,3.560914118611436e-07,1.1990096365341308e-07
eco2ai,8,64,0.0029131339722007,64,5,0.9739,8.228410005569458,3.458808639569119e-07,1.1646292922638764e-07
eco2ai,9,128,0.0089396566970997,128,5,0.9699,7.616514921188355,3.2429873440302497e-07,1.0919592405578017e-07
eco2ai,10,64,0.0023094935044407,64,1,0.9533,3.0202219486236572,1.2811281579956813e-07,4.3137378659135787e-08
eco2ai,11,64,0.0062658062903724,256,5,0.9736,8.843674898147583,3.79813700340037e-07,1.2788859029629526e-07
eco2ai,12,64,0.0002792548596605,64,5,0.9478,8.109911918640137,3.4245499411326817e-07,1.1530939088785497e-07
eco2ai,13,128,0.0013892309622168,256,3,0.9752,5.472330093383789,2.361263276623049e-07,7.950704029248537e-08
eco2ai,14,64,0.0014447381271393,128,4,0.9734,7.0478129386901855,3.044664889394729e-07,1.025181293567657e-07
eco2ai,15,64,0.0002150738049871,64,4,0.939,6.943649768829346,3.002355652256483e-07,1.0109351810938896e-07
eco2ai,16,128,0.0003158133339029,64,2,0.9194,4.04544997215271,1.76663376724188e-07,5.948503223030824e-08
eco2ai,17,32,0.0002286501862785,256,3,0.9593,7.251698017120361,3.146132912972159e-07,1.0593469976585076e-07
eco2ai,18,128,0.000854042437999,64,1,0.9205,2.927327871322632,1.2729908135384e-07,4.286338287897688e-08
eco2ai,19,128,0.0013869169341426,128,3,0.9683,5.277724981307983,2.3209253669241057e-07,7.814880639984835e-08
eco2ai,20,32,0.0009451427457063,256,1,0.9614,3.58484411239624,1.572998716968262e-07,5.2965068998525154e-08
eco2ai,21,128,0.0001720967084739,256,2,0.9212,4.239979982376099,1.863410043605048e-07,6.2743624942243e-08
eco2ai,22,128,0.0003181242230645,256,1,0.9209,3.0189409255981445,1.323329629803993e-07,4.455836129698217e-08
eco2ai,23,64,0.0004414469895543,128,4,0.9637,7.290996789932251,3.2224640949721105e-07,1.0850487752744393e-07
eco2ai,24,32,0.0008951224971605,256,2,0.9711,5.457747220993042,2.410695479458506e-07,8.117149176703914e-08
eco2ai,25,128,0.005812521049725,128,2,0.9633,4.113159894943237,1.813387702043201e-07,6.105930267057743e-08
eco2ai,26,64,0.001465557476021,64,5,0.9731,8.117729187011719,3.59144856521425e-07,1.209291012187551e-07
eco2ai,27,64,0.0015642656078949,256,4,0.9762,7.721871852874756,3.3456672125453226e-07,1.1265329898049858e-07
eco2ai,28,64,0.000449713119813,256,3,0.9642,6.438405275344849,2.7268790059679305e-07,9.18178337615486e-08
eco2ai,29,32,0.0037621109823697,128,5,0.9767,10.259224891662598,4.359136817303503e-07,1.4677823943015317e-07
eco2ai,30,32,0.0010477738603096,64,4,0.9697,8.19478988647461,3.500402498283014e-07,1.1786345268068669e-07
eco2ai,31,32,0.0018585280814838,128,4,0.9704,8.44840693473816,3.632398106174151e-07,1.223079295922323e-07
eco2ai,32,32,0.0062346579289012,128,1,0.9565,3.3984010219573975,1.0593289185408141e-07,3.5669087747755165e-08
eco2ai,33,64,0.0097912665149138,64,3,0.9648,5.591963768005371,1.7516563568581962e-07,5.8980721854315066e-08
eco2ai,34,64,0.001794643098686,256,4,0.9761,7.523256063461304,2.3845518772986906e-07,8.029120008127515e-08
eco2ai,35,64,0.0012855586468911,128,3,0.9716,5.770473003387451,1.5952116234984718e-07,5.371300865946643e-08
eco2ai,36,32,0.0005334609556299,256,4,0.9758,9.300716876983644,2.6160666985712546e-07,8.808662823427213e-08
eco2ai,37,64,0.0001011483389398,256,1,0.9067,3.2204322814941406,9.137657798419241e-08,3.0767773079369374e-08
eco2ai,38,32,0.0022388119194194,256,4,0.9757,9.026226043701172,2.587558203822482e-07,8.712670730418834e-08
eco2ai,39,128,0.0004533007803434,64,5,0.9469,7.532063007354736,2.158940787921893e-07,7.269455884643321e-08
eco2ai,40,128,0.0004265476603779,64,4,0.9402,6.65550422668457,2.7165242170895e-07,9.146917352330737e-08
eco2ai,41,64,0.000159252023166,128,5,0.944,8.444813013076782,3.471632784188235e-07,1.1689473612951577e-07
eco2ai,42,32,0.0035845449080642,128,2,0.9716,5.036440134048462,2.0768049170328603e-07,6.992892908338024e-08
eco2ai,43,128,0.0021189767284219,64,2,0.9596,4.076963901519775,1.6844636211923594e-07,5.6718248374616406e-08
eco2ai,44,128,0.0001419724788029,256,2,0.9194,4.257501840591431,1.694799672145564e-07,5.7066277680682144e-08
eco2ai,45,128,0.0036451357763532,256,3,0.9694,5.591132164001465,2.1890235446335285e-07,7.370748738077338e-08
eco2ai,46,32,0.0001308068765244,64,3,0.9261,6.5363609790802,2.56992570886041e-07,8.653299651332241e-08
eco2ai,47,128,0.0001524268317018,64,1,0.8787,2.9038100242614746,1.1447737959656481e-07,3.854613639347773e-08
eco2ai,48,64,0.0015124159387224,64,2,0.9548,4.339878797531128,1.730382697606577e-07,5.8264407964190096e-08
eco2ai,49,32,0.0069865525123148,256,1,0.9561,3.633579015731811,1.455798024229201e-07,4.9018757593031115e-08
cumulator,0,32,0.0027607947554847,128,4,0.9762,6.499098062515259,3.610610564549764e-05,8.41272261540095e-06
cumulator,1,64,0.0078609086752646,256,2,0.9622,2.9047060012817383,1.6137250264485677e-05,3.759979311625163e-06
cumulator,2,128,0.0026235950396267,256,5,0.9802,6.332692861557007,3.518162700865004e-05,8.19731909301546e-06
cumulator,3,64,0.0007893992346763,128,3,0.9659,4.0818281173706055,2.2676817576090495e-05,5.283698495229085e-06
cumulator,4,32,0.0087707338060296,128,1,0.9485,1.778618097305298,9.881205028957791e-06,2.3023207717471653e-06
cumulator,5,128,0.0005682790610124,256,5,0.9705,6.382217168807983,3.545676204893324e-05,8.261425557401446e-06
cumulator,6,128,0.0024748854928708,256,3,0.9755,3.925867557525635,2.1810371345943876e-05,5.081816523604923e-06
cumulator,7,128,0.0004185022022453,64,3,0.9346,3.5650570392608643,1.9805872440338138e-05,4.614768278598785e-06
cumulator,8,32,0.0011043671152311,64,2,0.9602,3.313554048538208,1.8408632278442386e-05,4.2892113208770754e-06
cumulator,9,128,0.0075640629555971,64,1,0.9591,1.3295369148254397,7.386316193474663e-06,1.7210116730795963e-06
cumulator,10,32,0.0002161215461939,256,1,0.9303,1.9446399211883545,1.0803549819522432e-05,2.5172271079487273e-06
cumulator,11,32,0.0004363007894777,64,5,0.963,7.975521087646484,4.4308450486924914e-05,1.0323868963453505e-05
cumulator,12,32,0.0039363828264722,256,4,0.9725,7.31804633140564,4.065580765406291e-05,9.472803183396657e-06
cumulator,13,128,0.0010965460712737,64,4,0.9644,4.926806688308716,2.7371148268381753e-05,6.377477546532949e-06
cumulator,14,32,0.0005682225450697,128,2,0.9611,3.4689078330993652,1.927171018388536e-05,4.490308472845289e-06
cumulator,15,128,0.0001600128686812,64,1,0.8813,1.3204641342163086,7.33591185675727e-06,1.7092674626244435e-06
cumulator,16,32,0.0003746404774457,128,4,0.9659,6.705913066864014,3.7255065970950655e-05,8.680430371231503e-06
cumulator,17,32,0.0088841142369039,256,4,0.9654,7.2850470542907715,4.047248363494873e-05,9.430088686943056e-06
cumulator,18,64,0.0007922296882288,256,1,0.9511,1.5848608016967771,8.804776933458116e-06,2.051513025495741e-06
cumulator,19,32,0.003146013727635,256,1,0.9636,1.9840781688690183,1.102265649371677e-05,2.568278963036007e-06
cumulator,20,32,0.0018318185116184,64,2,0.9639,3.3247177600860596,1.847065422270033e-05,4.303662433889177e-06
cumulator,21,32,0.0001956185712677,256,1,0.93,1.957395076751709,1.087441709306505e-05,2.533739182684157e-06
cumulator,22,128,0.0026117058647589,128,4,0.9753,4.8916661739349365,2.717590464486016e-05,6.3319857822524175e-06
cumulator,23,128,0.0008489352969453,128,1,0.9315,1.370840072631836,7.615783479478624e-06,1.7744775507185194e-06
cumulator,24,128,0.0022714411115642,64,5,0.9672,5.914231061935425,3.2856832610236275e-05,7.655641998185052e-06
cumulator,25,32,0.0016126083115601,256,3,0.9753,5.5806379318237305,3.1003544065687394e-05,7.223825767305162e-06
cumulator,26,32,0.0041622995894391,128,3,0.9678,5.1073899269104,2.8374388482835557e-05,6.611232516500685e-06
cumulator,27,64,0.0005150433008086,64,1,0.9219,1.4912230968475342,8.284567462073432e-06,1.9303042186631097e-06
cumulator,28,64,0.0006207759686466,128,1,0.9343,1.5184409618377686,8.43577782313029e-06,1.9655362327893574e-06
cumulator,29,32,0.000143937579834,64,4,0.9346,6.6882100105285645,3.715672228071425e-05,8.65751629140642e-06
cumulator,30,32,0.0003294155241478,128,4,0.9626,6.716050148010254,3.731138441297743e-05,8.693552568223741e-06
cumulator,31,64,0.0017106028995015,64,4,0.9673,5.319546937942505,2.9553038544125028e-05,6.885857980781131e-06
cumulator,32,32,0.0050364880992936,128,5,0.969,8.372336149215698,4.651297860675388e-05,1.0837524015373651e-05
cumulator,33,128,0.002641447147676,128,3,0.9737,3.700809955596924,2.056004868613349e-05,4.790491343869103e-06
cumulator,34,32,0.0002065544217516,128,4,0.9556,6.6604437828063965,3.700246016184489e-05,8.62157321770986e-06
cumulator,35,32,0.001126524152099,128,4,0.9717,6.744511842727661,3.746950493918525e-05,8.730394650830163e-06
cumulator,36,128,0.0080054797365249,64,5,0.965,5.995041131973267,3.3305784066518146e-05,7.760247687498728e-06
cumulator,37,64,0.0001331394992076,256,3,0.9383,4.488684177398682,2.4937134318881564e-05,5.810352296299405e-06
cumulator,38,128,0.0005565969772864,128,5,0.9622,6.084125757217407,3.380069335301717e-05,7.875561551253e-06
cumulator,39,32,0.0009163002282845,256,2,0.9724,4.056171655654907,2.253428300221761e-05,5.250487939516703e-06
cumulator,40,64,0.000523258605365,256,4,0.9733,5.924195051193237,3.291218810611301e-05,7.668539828724331e-06
cumulator,41,64,0.000438615477566,256,1,0.9365,1.6016120910644531,8.897839652167425e-06,2.0731966389550104e-06
cumulator,42,64,0.0005904159735266,64,5,0.9619,6.64116096496582,3.689533339606391e-05,8.596612681282892e-06
cumulator,43,64,0.0047851836032228,128,1,0.9677,1.519822120666504,8.443449603186714e-06,1.967323757542505e-06
cumulator,44,64,0.0040292662205182,64,4,0.9691,5.391503810882568,2.995279365115695e-05,6.97900092071957e-06
cumulator,45,128,0.0002040482331229,64,5,0.9294,5.946935176849365,3.3038522137535944e-05,7.697975658045875e-06
cumulator,46,64,0.0003085094503858,64,5,0.9496,6.719908237457275,3.733282354142931e-05,8.698547885153028e-06
cumulator,47,32,0.0009938261459796,128,5,0.9759,8.668813228607178,4.81600734922621e-05,1.122129712369707e-05
cumulator,48,128,0.0023808714199468,256,2,0.9725,2.6726927757263184,1.48482879002889e-05,3.4596510807673137e-06
cumulator,49,32,0.0031031098806256,128,2,0.9727,3.49231219291687,1.9401727782355417e-05,4.5206025732888114e-06
