trial,model,dataset,device,batch_size,learning_rate,hidden_size,epochs,accuracy,time_sec,energy_kwh,co2_kg
0,SimpleNN,MNIST,mps,64,0.005165274151054209,256,5,0.9754,20.93315029144287,1.1360460133281928e-06,3.825225973317891e-07
1,SimpleNN,MNIST,mps,256,0.005286837959454968,256,3,0.975,6.755043029785156,3.8082454474836897e-07,1.282289557604023e-07
2,SimpleNN,MNIST,mps,64,0.00013000356677237112,64,3,0.918,9.46515417098999,5.436461642261748e-07,1.8305327454125226e-07
3,SimpleNN,MNIST,mps,64,0.0003796720090240723,64,2,0.9305,6.853829860687256,3.9382094011974307e-07,1.3260502403147918e-07
4,SimpleNN,MNIST,mps,128,0.0009729535687592647,64,5,0.9631,11.34040117263794,6.624336968074355e-07,2.2305069978681885e-07
5,SimpleNN,MNIST,mps,32,0.0002623541825497562,128,6,0.9672,24.902352809906006,1.44131881575125e-06,4.853122237268664e-07
6,SimpleNN,MNIST,mps,64,0.0017132041170877773,128,6,0.9786,17.301693201065063,9.469254239517492e-07,3.188430472004893e-07
7,SimpleNN,MNIST,mps,32,0.0014581376971808874,256,4,0.9753,28.11994695663452,1.5086014149115577e-06,5.079672168205302e-07
8,SimpleNN,MNIST,mps,256,0.0003511937601107188,256,4,0.9459,8.384943962097168,4.334424847896419e-07,1.459461528234595e-07
9,SimpleNN,MNIST,mps,64,0.0001044179618183509,64,2,0.9075,6.993750095367432,3.6195634972955306e-07,1.2187577034283673e-07
10,SimpleNN,MNIST,mps,128,0.0011488219308499019,64,2,0.9448,5.658167123794556,2.9385988016656485e-07,9.894673569040473e-08
11,SimpleNN,MNIST,mps,256,0.0005389551906484409,128,6,0.958,10.878690242767334,5.648356507416945e-07,1.901880713038389e-07
12,SimpleNN,MNIST,mps,64,0.0005085453408151027,64,4,0.956,13.392854928970337,6.995517451749341e-07,2.3554886632483277e-07
13,SimpleNN,MNIST,mps,64,0.00026729633749188176,256,3,0.9549,13.423374891281128,7.013798802184585e-07,2.3616442498787806e-07
14,SimpleNN,MNIST,mps,128,0.0007140540438438441,128,2,0.9467,5.643259048461914,2.9576203144188185e-07,9.95872166549218e-08
15,SimpleNN,MNIST,mps,64,0.0004288657464273339,128,2,0.9437,6.904627799987793,3.625950233227589e-07,1.2209082068309942e-07
16,SimpleNN,MNIST,mps,256,0.007807862930947514,64,6,0.9725,10.64651107788086,5.62713136871101e-07,1.8947339116841589e-07
17,SimpleNN,MNIST,mps,32,0.009142278912280661,128,2,0.9613,9.485417127609253,5.021654273718923e-07,1.6908612971209938e-07
18,SimpleNN,MNIST,mps,32,0.002476491090571792,128,6,0.9779,24.553312063217163,1.303663439174064e-06,4.389617312580558e-07
19,SimpleNN,MNIST,mps,32,0.0008577397925984212,64,5,0.971,19.985326766967773,1.064851559097709e-06,3.58550427870026e-07
20,SimpleNN,MNIST,mps,128,0.008043534503160608,64,2,0.9647,5.6372458934783936,2.9923278451178705e-07,1.0075586780410186e-07
21,SimpleNN,MNIST,mps,256,0.008050918362492642,256,2,0.9723,5.076406002044678,2.689056261817768e-07,9.05442890141708e-08
22,SimpleNN,MNIST,mps,256,0.0009419553288275091,256,6,0.974,11.430802822113037,6.079178300456079e-07,2.046944442259768e-07
23,SimpleNN,MNIST,mps,64,0.000126033917623903,64,3,0.9196,9.469485759735107,5.045150157578367e-07,1.6987726901588425e-07
24,SimpleNN,MNIST,mps,64,0.00011844028427491427,256,4,0.9398,17.271528959274292,9.226811793280376e-07,3.106796706162609e-07
25,SimpleNN,MNIST,mps,64,0.0029042901425231477,128,6,0.9761,17.06411600112915,8.692476678538697e-07,2.926878592337479e-07
26,SimpleNN,MNIST,mps,128,0.00011448247258315206,256,3,0.9238,7.678883790969849,3.998053393581813e-07,1.3462005503665065e-07
27,SimpleNN,MNIST,mps,128,0.001155217580565209,128,4,0.969,9.475497245788574,4.96419343459138e-07,1.671513428135002e-07
28,SimpleNN,MNIST,mps,256,0.0001886510037000866,128,4,0.9238,7.904299020767212,4.1417328386614826e-07,1.3945794310370625e-07
29,SimpleNN,MNIST,mps,32,0.005870328389151348,64,2,0.9654,9.269527196884155,4.86574168144216e-07,1.6383633445251153e-07
30,SimpleNN,MNIST,mps,256,0.0008097337492619254,64,3,0.936,6.277360916137695,3.300257402937253e-07,1.1112428711726143e-07
31,SimpleNN,MNIST,mps,128,0.003651975306355781,64,5,0.9684,11.343201160430908,4.7238409945786466e-07,1.5905833966485546e-07
32,SimpleNN,MNIST,mps,256,0.00028092156345839887,128,2,0.9163,4.865062952041626,1.9819300633268238e-07,6.67343599343028e-08
33,SimpleNN,MNIST,mps,64,0.000840090975288803,256,5,0.9763,21.180119037628174,8.004229180361714e-07,2.695136024236315e-07
34,SimpleNN,MNIST,mps,128,0.008357319547259512,256,3,0.9663,7.591598033905029,2.5450481879602194e-07,8.569533555608373e-08
35,SimpleNN,MNIST,mps,64,0.0008807635300637673,64,3,0.9572,9.477485179901123,3.171792447528787e-07,1.067986922177208e-07
36,SimpleNN,MNIST,mps,32,0.0034958800531848556,128,4,0.9695,17.200349807739258,5.695030992399097e-07,1.9175966655746698e-07
37,SimpleNN,MNIST,mps,256,0.00011406286272141656,256,3,0.9124,6.652371883392334,2.1746566003078746e-07,7.322373225160657e-08
38,SimpleNN,MNIST,mps,32,0.00047856455410129426,64,2,0.9468,9.080254077911377,2.9743301331564e-07,1.0014985964556241e-07
39,SimpleNN,MNIST,mps,256,0.0002825387296795169,128,2,0.9165,4.968699216842651,2.2528890931994286e-07,7.585792981275524e-08
40,SimpleNN,MNIST,mps,32,0.0032963919629135736,256,2,0.9706,15.870434045791626,7.239489124598701e-07,2.437637341100127e-07
41,SimpleNN,MNIST,mps,32,0.0036320584281657547,128,5,0.9712,21.210082054138184,9.678066187295069e-07,3.258740378188872e-07
42,SimpleNN,MNIST,mps,32,0.009613508998045611,128,3,0.9569,13.502565145492554,6.159648696757358e-07,2.074039951279957e-07
43,SimpleNN,MNIST,mps,32,0.0023529877395193567,128,5,0.9739,21.285675048828125,9.747304904900982e-07,3.282054023748829e-07
44,SimpleNN,MNIST,mps,256,0.0011875373207960208,64,5,0.9583,9.212590217590332,4.236360817636372e-07,1.4264419963496133e-07
45,SimpleNN,MNIST,mps,128,0.006481416331840988,64,5,0.9676,11.338692903518677,5.223586685588089e-07,1.7588547672511078e-07
46,SimpleNN,MNIST,mps,32,0.00027024787104506473,64,5,0.9538,20.10767698287964,9.267415610626512e-07,3.120468579916495e-07
47,SimpleNN,MNIST,mps,64,0.00288451656328227,128,3,0.976,9.4285569190979,4.333681696220992e-07,1.4592112986613554e-07
48,SimpleNN,MNIST,mps,64,0.0009893766774671864,128,2,0.9596,6.946446180343628,3.196047319590889e-07,1.0761538771687265e-07
49,SimpleNN,MNIST,mps,128,0.00495634703107177,64,2,0.9646,5.6232287883758545,2.586363600494224e-07,8.708648333768122e-08
