trial,model,dataset,device,batch_size,learning_rate,epochs,accuracy,time_sec,energy_kwh,co2_kg,tool,hidden_size,accuracy_pct,energy_wh,co2_g,relative_accuracy,aer_energy,aer_co2,aer_time,aer_relative
0,SimpleNN,MNIST,mps,256,0.0002380493494588,3,0.9198,8.064806938171387,4.480448298984104e-05,1.4518194813065578e-06,CodeCarbon,,91.97999999999999,0.04480448298984104,0.0014518194813065578,0.937901498929336,2052.9195710361287,63354.98399375592,11.405108727978494,20.933206597696834
1,SimpleNN,MNIST,mps,64,0.0011822730047535,6,0.9731,18.530752897262573,0.000102948627207,1.3993509659112822e-05,CodeCarbon,,97.31,0.102948627207,0.013993509659112821,0.9922504333639237,945.2287285418353,6953.938102056478,5.251270714120578,9.638306602853424
2,SimpleNN,MNIST,mps,64,0.0002743337597293,6,0.9625,17.713392972946167,9.84077387385898e-05,4.137388354388358e-06,CodeCarbon,,96.25,0.0984077387385898,0.004137388354388358,0.9814418272662383,978.0734852131741,23263.467616693895,5.433741584517632,9.973217958735331
3,SimpleNN,MNIST,mps,128,0.000176667090659,6,0.9418,14.185601234436035,7.880889574686687e-05,3.1376931167008665e-06,CodeCarbon,,94.17999999999999,0.07880889574686686,0.0031376931167008664,0.9603344549811358,1195.0427563723886,30015.68238101811,6.639126424291048,12.185609833510641
4,SimpleNN,MNIST,mps,32,0.0005164484349254,6,0.9753,25.189549684524536,0.0001399419426918,1.142619140627486e-05,CodeCarbon,,97.53,0.13994194269180002,0.01142619140627486,0.9944937289691036,696.9318713460652,8535.652566299561,3.8718437297002803,7.106473655002193
5,SimpleNN,MNIST,mps,32,0.0002353920868794,6,0.9645,25.840994119644165,0.0001435610784424,1.1429987000923712e-05,CodeCarbon,,96.45,0.14356107844240001,0.011429987000923712,0.983481186907311,671.8394779870503,8438.329806692293,3.7324415443707446,6.850611583430715
6,SimpleNN,MNIST,mps,64,0.0068537888163404,3,0.9665,10.610285758972168,5.894603199428982e-05,2.265791132584703e-06,CodeCarbon,,96.65,0.05894603199428982,0.002265791132584703,0.9855205465483838,1639.6353873211112,42656.18247421882,9.109085485117285,16.71903117488642
7,SimpleNN,MNIST,mps,64,0.0034435079259004,6,0.9706,18.10614228248596,0.0001005896793471,1.4706650817675837e-05,CodeCarbon,,97.06,0.1005896793471,0.014706650817675837,0.9897012338125828,964.9101242790495,6599.73512686819,5.360611801547919,9.838993823585698
8,SimpleNN,MNIST,mps,32,0.0019624729628866,6,0.9728,25.887367963790897,0.0001438187109099,1.1225538775809137e-05,CodeCarbon,,97.28,0.1438187109099,0.011225538775809138,0.9919445294177628,676.407119661532,8665.953763362957,3.7578173314516636,6.897186903859813
9,SimpleNN,MNIST,mps,64,0.0060079010003877,2,0.9629,9.080058813095093,5.044477118386163e-05,4.173426463657715e-06,CodeCarbon,,96.28999999999999,0.05044477118386163,0.004173426463657715,0.9818496991944528,1908.8202352834787,23072.16883740383,10.604556862685993,19.463854749500136
10,SimpleNN,MNIST,mps,256,0.0080916106488228,5,0.9724,12.110637664794922,6.72813203599718e-05,7.44199249811472e-06,CodeCarbon,,97.24000000000001,0.0672813203599718,0.00744199249811472,0.9915366574895483,1445.274847160279,13066.393176912476,8.029304706445997,14.737175967780964
11,SimpleNN,MNIST,mps,256,0.0001789774851558,6,0.9305,12.516752243041992,6.95375124613444e-05,2.671849419302124e-06,CodeCarbon,,93.05,0.0695375124613444,0.0026718494193021243,0.948812073009075,1338.126670144062,34826.064421064664,7.4340370563558995,13.644607628674025
12,SimpleNN,MNIST,mps,32,0.000152950644352,4,0.9455,18.93612694740295,0.0001052007052633,1.441719470609664e-05,CodeCarbon,,94.55,0.1052007052633,0.014417194706096639,0.9641072703171203,898.758233258579,6558.141297766991,4.993101295878634,9.164456339946762
13,SimpleNN,MNIST,mps,32,0.0041885215399751,6,0.9717,26.54635214805603,0.0001474797341558,1.117659747534944e-05,CodeCarbon,,97.17,0.1474797341558,0.011176597475349439,0.9908228816151727,658.8701868512186,8694.059190582237,3.660389926949556,6.71836633885203
14,SimpleNN,MNIST,mps,64,0.0001311095254716,2,0.9187,8.781293869018555,4.878496593899197e-05,2.226480478919964e-06,CodeCarbon,,91.86999999999999,0.048784965938991974,0.002226480478919964,0.936779851126746,1883.162122422879,41262.432287106734,10.462011791238218,19.20222415033016
15,SimpleNN,MNIST,mps,64,0.00096043402194,3,0.9707,11.112505912780762,6.173614395989313e-05,2.4534937341910354e-06,CodeCarbon,,97.07000000000001,0.061736143959893124,0.0024534937341910354,0.9898032017946364,1572.3366212029944,39563.989362298445,8.735203451127747,16.032799237310027
16,SimpleNN,MNIST,mps,256,0.0017013726917917,3,0.9619,7.853033065795898,4.362796147664388e-05,1.7008988206785029e-06,CodeCarbon,,96.19,0.043627961476643884,0.001700898820678503,0.9808300193739165,2204.7786956879722,56552.45263891064,12.248770531599847,22.481683447414824
17,SimpleNN,MNIST,mps,256,0.0001598593096375,2,0.9024,6.223664283752441,3.4575912687513565e-05,1.0106275230508757e-06,CodeCarbon,,90.24,0.03457591268751357,0.0010106275230508757,0.9201590700520036,2609.9094133988965,89291.05723104006,14.499496741104982,26.612719622707214
18,SimpleNN,MNIST,mps,128,0.0092834740295828,6,0.9742,14.41652774810791,8.009182082282173e-05,3.20461089958175e-06,CodeCarbon,,97.42,0.08009182082282174,0.00320461089958175,0.9933720811665137,1216.3539172809103,30399.94653101716,6.757521762671725,12.402915440816868
19,SimpleNN,MNIST,mps,256,0.0001332913357266,2,0.8951,6.130497217178345,3.405831787321303e-05,8.92036983135674e-07,CodeCarbon,,89.51,0.03405831787321303,0.000892036983135674,0.9127154073620883,2628.1391915247787,100343.37330427254,14.60077328624877,26.798604991585385
20,SimpleNN,MNIST,mps,64,0.0017029201120822,5,0.9703,15.542052745819092,8.634473747677274e-05,3.6131884826083953e-06,CodeCarbon,,97.03,0.08634473747677274,0.0036131884826083953,0.9893953298664219,1123.7511727463607,26854.39756797661,6.2430620708131155,11.458663941535235
21,SimpleNN,MNIST,mps,32,0.0011238488739384,3,0.9714,14.39345407485962,7.99636337492201e-05,3.305251699983639e-06,CodeCarbon,,97.14,0.0799636337492201,0.003305251699983639,0.9905169776690118,1214.8022225284058,29389.5923268055,6.748901236268919,12.387093122549256
22,SimpleNN,MNIST,mps,256,0.0027283828715843,5,0.9742,10.60881781578064,5.8937876754336885e-05,2.144413268209186e-06,CodeCarbon,,97.42,0.058937876754336885,0.0021444132682091857,0.9933720811665137,1652.9268674890202,45429.67600706748,9.182927041605668,16.854561716009176
23,SimpleNN,MNIST,mps,32,0.0023507136429064,3,0.9711,14.93218207359314,8.295656707551744e-05,3.384100158060535e-06,CodeCarbon,,97.11,0.08295656707551743,0.0033841001580605353,0.990211073722851,1170.6125677982593,28695.959180964313,6.503403154434773,11.936500130501267
24,SimpleNN,MNIST,mps,128,0.0033318673372754,5,0.9725,12.558746814727783,6.977081563737657e-05,2.7042919080560117e-06,CodeCarbon,,97.25,0.06977081563737657,0.0027042919080560116,0.9916386254716019,1393.8492636440199,35961.35450847407,7.743607020244554,14.2127996700726
25,SimpleNN,MNIST,mps,128,0.002217791017373,2,0.9677,6.940826892852783,3.856014940473768e-05,1.1709249722189966e-06,CodeCarbon,,96.77,0.03856014940473768,0.0011709249722189966,0.9867441623330273,2509.5857120333244,82644.06541489426,13.942142844629581,25.589739084667322
26,SimpleNN,MNIST,mps,256,0.0006815388589795,3,0.9464,7.616121053695679,4.231178363164266e-05,1.349868359011169e-06,CodeCarbon,,94.64,0.04231178363164266,0.001349868359011169,0.9650249821556031,2236.7291538431846,70110.54031174378,12.426273076906583,22.80747582179244
27,SimpleNN,MNIST,mps,64,0.0003855217811942,4,0.9576,13.08400297164917,7.268890539805094e-05,2.850895204427258e-06,CodeCarbon,,95.76,0.07268890539805095,0.002850895204427258,0.9764453961456102,1317.3949927517779,33589.44932500179,7.318861070843211,13.433210897846209
28,SimpleNN,MNIST,mps,256,0.0001071747663791,5,0.9161,10.601140975952148,5.889522764417861e-05,2.190756959244595e-06,CodeCarbon,,91.61,0.05889522764417861,0.0021907569592445946,0.9341286835933517,1555.4740793850217,41816.59659389532,8.641522663250122,15.860855301162657
29,SimpleNN,MNIST,mps,32,0.0003485550384357,5,0.968,22.165321826934814,0.0001231406768163,9.954202927391663e-06,CodeCarbon,,96.8,0.12314067681629999,0.009954202927391664,0.9870500662791882,786.0928046091971,9724.535525956457,4.367182247828712,8.015629699288233
30,SimpleNN,MNIST,mps,64,0.0002532294473759,6,0.9604,18.266117811203003,0.0001014784322844,1.406026628581187e-05,CodeCarbon,,96.04,0.1014784322844,0.014060266285811869,0.979300499643112,946.4079986064584,6830.5960959582535,5.257822214477157,9.65033138173201
31,SimpleNN,MNIST,mps,64,0.0002264939129812,5,0.9535,15.645840883255005,8.692133824030559e-05,3.686497303572274e-06,CodeCarbon,,95.35,0.08692133824030558,0.003686497303572274,0.9722647088814111,1096.9688448237216,25864.6601769122,6.094271360131787,11.185569948238214
32,SimpleNN,MNIST,mps,256,0.0031515206586337,3,0.9679,7.581192970275879,4.211773872375488e-05,1.34146850952048e-06,CodeCarbon,,96.78999999999999,0.04211773872375488,0.00134146850952048,0.9869480982971346,2298.081590629398,72152.27141977298,12.767119947941097,23.433074239108777
33,SimpleNN,MNIST,mps,32,0.0020543577575548,6,0.9746,25.463310956954956,0.0001414628386497,1.06848250055529e-05,CodeCarbon,,97.46000000000001,0.1414628386497,0.0106848250055529,0.9937799530947282,688.944184425262,9121.347326638488,3.8274676912501095,7.025024823343143
34,SimpleNN,MNIST,mps,32,0.0004968095477378,5,0.9737,22.179773330688477,0.0001232209629482,9.9271846614311e-06,CodeCarbon,,97.37,0.1232209629482,0.0099271846614311,0.9928622412562456,790.2064524599821,9808.420344823442,4.3900358469974305,8.057575736310614
35,SimpleNN,MNIST,mps,128,0.0001805114016295,2,0.9149,6.9236860275268555,3.84649223751492e-05,1.1069265432833026e-06,CodeCarbon,,91.49000000000001,0.038464922375149195,0.0011069265432833027,0.9329050678087081,2378.5307326944826,82652.27765577611,13.214059626080457,24.253397906541064
36,SimpleNN,MNIST,mps,32,0.0003064848868731,4,0.9635,17.769902229309082,9.872167905171712e-05,4.256288668559852e-06,CodeCarbon,,96.35000000000001,0.09872167905171712,0.004256288668559852,0.9824615070867747,975.9761070263537,22637.09243024646,5.422089483479743,9.951831416603993
37,SimpleNN,MNIST,mps,256,0.0036258713836308,4,0.9751,9.069299936294556,5.038499964608086e-05,1.740010183731062e-06,CodeCarbon,,97.50999999999999,0.05038499964608086,0.001740010183731062,0.9942897930049963,1935.298217424612,56039.901899258795,10.751656763470065,19.733845390278493
38,SimpleNN,MNIST,mps,256,0.0004282239122953,3,0.9328,7.59741997718811,4.220788876215617e-05,1.2968712142512969e-06,CodeCarbon,,93.28,0.042207888762156164,0.0012968712142512968,0.9511573365963087,2210.0134059212974,71926.95695219972,12.277852255118319,22.535060731327597
39,SimpleNN,MNIST,mps,256,0.0026199397246822,3,0.9671,7.587682962417603,4.215379423565335e-05,1.2970703689075523e-06,CodeCarbon,,96.71,0.042153794235653345,0.0012970703689075523,0.9861323544407055,2294.2181541087334,74560.33405608768,12.745656411715185,23.39367955652833
40,SimpleNN,MNIST,mps,64,0.0032109759074201,6,0.9738,18.03093123435974,0.0001001718401908,9.605768958983496e-06,CodeCarbon,,97.38,0.1001718401908,0.009605768958983496,0.9929642092382991,972.1294908281378,10137.657944492657,5.400719393484939,9.912608247457303
41,SimpleNN,MNIST,mps,256,0.0003263210179729,2,0.9181,6.144114971160889,3.413397206200494e-05,8.902811354646644e-07,CodeCarbon,,91.81,0.03413397206200494,0.0008902811354646644,0.9361680432344244,2689.695762134731,103124.72806927624,14.942754234081841,27.42628492030928
42,SimpleNN,MNIST,mps,256,0.0034131192983346,6,0.9776,12.155513048171995,6.753062804539999e-05,2.8790148647983273e-06,CodeCarbon,,97.76,0.06753062804539998,0.002879014864798327,0.9968389925563372,1447.6394316113453,33956.059482467455,8.042441286729698,14.761287158268024
43,SimpleNN,MNIST,mps,128,0.0012570379373294,4,0.9697,10.70681881904602,5.948232677247789e-05,2.2186887923402455e-06,CodeCarbon,,96.97,0.05948232677247789,0.0022186887923402454,0.9887835219741,1630.2321254330527,43705.994430033265,9.056845141294737,16.623148010941698
44,SimpleNN,MNIST,mps,256,0.0008690214507142,5,0.9602,10.584519147872925,5.8802884154849585e-05,2.169848512567197e-06,CodeCarbon,,96.02000000000001,0.058802884154849584,0.0021698485125671973,0.9790965636790048,1632.9131024788528,44251.93714855078,9.07173945821585,16.650485392870934
45,SimpleNN,MNIST,mps,256,0.0038590567177495,4,0.9749,9.156741857528688,5.087078809738159e-05,1.7651633129999446e-06,CodeCarbon,,97.49,0.05087078809738159,0.0017651633129999447,0.994085857040889,1916.4240155543803,55230.017121935874,10.64680008641322,19.541388962520447
46,SimpleNN,MNIST,mps,32,0.0010755822511099,4,0.9741,17.800351858139038,9.8890843656328e-05,4.195517740387821e-06,CodeCarbon,,97.41,0.098890843656328,0.0041955177403878215,0.99327011318446,985.0254725151873,23217.635111464384,5.4723637361954856,10.04410597038021
47,SimpleNN,MNIST,mps,128,0.0004326528759789,6,0.9609,14.651451110839844,8.139695061577691e-05,3.319023520452668e-06,CodeCarbon,,96.09,0.08139695061577691,0.003319023520452668,0.9798103395533801,1180.5110544445283,28951.286246653257,6.558394746914047,12.037433001371758
48,SimpleNN,MNIST,mps,128,0.0035603518958749,4,0.9762,10.649795770645142,5.916553205913967e-05,2.1614627669916776e-06,CodeCarbon,,97.61999999999999,0.05916553205913967,0.0021614627669916775,0.9954114408075863,1649.9471331116006,45163.85916555364,9.166372961731113,16.824177965857043
49,SimpleNN,MNIST,mps,128,0.0009073749790331,3,0.9619,8.771427154541016,4.87301508585612e-05,1.6696085752804729e-06,CodeCarbon,,96.19,0.0487301508585612,0.001669608575280473,0.9808300193739165,1973.931914949136,57612.305916577665,10.96628841638409,20.127785407863115
0,SimpleNN,MNIST,mps,64,0.0087244514189856,2,0.9665,5.407789945602417,9.524936e-06,2.738738094e-06,CarbonTracker,,96.65,0.009524936,0.002738738094,0.9855205465483838,10147.049806948835,35289.975413034146,17.87236578569314,103.46741926123009
1,SimpleNN,MNIST,mps,256,0.0001769879138835,2,0.9074,3.1271910667419434,6.05338e-06,1.740549586e-06,CarbonTracker,,90.74,0.00605338,0.001740549586,0.9252574691546853,14989.972544264527,52132.95888256297,29.016455363099144,152.84972513780488
2,SimpleNN,MNIST,mps,64,0.0084801968210563,3,0.9651,8.096158027648926,1.4182498e-05,4.077943171e-06,CarbonTracker,,96.50999999999999,0.014182498,0.004077943171,0.9840929947996327,6804.8661103283775,23666.34255384526,11.920468902708153,69.3878465415354
3,SimpleNN,MNIST,mps,256,0.0044064813814515,4,0.9702,5.960777997970581,1.1341493e-05,3.261059038e-06,CarbonTracker,,97.02,0.011341493000000001,0.003261059038,0.9892933618843682,8554.429297800561,29751.071314397956,16.276398824621825,87.22778931172185
4,SimpleNN,MNIST,mps,128,0.0011285385009525,4,0.9718,7.692008972167969,1.4875142e-05,4.277101537e-06,CarbonTracker,,97.18,0.014875142000000001,0.004277101537,0.9909248495972265,6533.046877804595,22720.994383538295,12.633890619684252,66.61616067915361
5,SimpleNN,MNIST,mps,256,0.0020463965668717,4,0.9697,6.206995964050293,1.2422233e-05,3.571808269e-06,CarbonTracker,,96.97,0.012422233,0.003571808269,0.9887835219741,7806.164962450793,27148.713675817966,15.622694224650907,79.5978888798898
6,SimpleNN,MNIST,mps,32,0.0017723375159641,3,0.9734,11.940813064575195,1.9546703e-05,5.620332009e-06,CarbonTracker,,97.34,0.019546703,0.005620332009,0.9925563373100846,4979.867960340934,17319.261539020586,8.15187370186529,50.7787086809517
7,SimpleNN,MNIST,mps,256,0.0013106622119068,3,0.9548,4.476102828979492,8.750812e-06,2.516151538e-06,CarbonTracker,,95.48,0.008750812,0.002516151538,0.9735902926481085,10910.987460363678,37946.840068263016,21.331055976157838,111.25713735458018
8,SimpleNN,MNIST,mps,128,0.0020238045918896,3,0.9712,5.7030558586120605,1.0684144e-05,3.072049379e-06,CarbonTracker,,97.11999999999999,0.010684144,0.003072049379,0.9903130417049045,9090.105861545857,31614.075172064473,17.02946672937478,92.68997513557517
9,SimpleNN,MNIST,mps,128,0.005795370130417,5,0.9728,9.750365018844604,2.0417983e-05,5.870854163e-06,CarbonTracker,,97.28,0.020417983,0.005870854163,0.9919445294177628,4764.427514706032,16569.990890438,9.977062377868542,48.58190593153901
10,SimpleNN,MNIST,mps,64,0.000307704470659,5,0.9626,13.939591884613035,2.3812188e-05,6.846801827e-06,CarbonTracker,,96.26,0.023812187999999998,0.006846801827,0.981543795248292,4042.4676640382654,14059.118758250574,6.905510634515409,41.22022702190543
11,SimpleNN,MNIST,mps,32,0.003228951768943,6,0.9745,24.32617497444153,4.1412713e-05,1.1907542340999998e-05,CarbonTracker,,97.45,0.041412713,0.011907542341,0.9936779851126746,2353.1421377778365,8183.8885984440785,4.00597299420836,23.99451552745831
12,SimpleNN,MNIST,mps,64,0.005390515632757,4,0.9659,11.539470672607422,2.8275477e-05,8.130146827e-06,CarbonTracker,,96.59,0.028275477,0.008130146827,0.984908738656062,3416.0343254333075,11880.474246692225,8.370401272329318,34.83261267903852
13,SimpleNN,MNIST,mps,32,0.0001484000075137,6,0.9554,26.672592163085938,7.2685163e-05,2.0899419454e-05,CarbonTracker,,95.54,0.072685163,0.020899419454,0.9742021005404303,1314.4360699858375,4571.418847795522,3.581954067899875,13.40303935949666
14,SimpleNN,MNIST,mps,64,0.0010711028495344,2,0.9612,5.459056854248047,1.0319091e-05,2.967084234e-06,CarbonTracker,,96.12,0.010319090999999999,0.002967084234,0.9801162434995411,9314.773946658675,32395.440243507426,17.60743706583726,94.980870262656
15,SimpleNN,MNIST,mps,256,0.0015050131592124,3,0.9607,4.560313940048218,9.438333e-06,2.71383701e-06,CarbonTracker,,96.07,0.009438333,0.00271383701,0.9796064035892729,10178.704226689182,35400.06258518819,21.066532099100225,103.79019299163029
16,SimpleNN,MNIST,mps,128,0.0028051225917558,3,0.9736,5.642416715621948,1.0097405e-05,2.903342259e-06,CarbonTracker,,97.36,0.010097405,0.002903342259,0.9927602732741918,9642.081307028884,33533.766023690834,17.255017647038194,98.31835736748123
17,SimpleNN,MNIST,mps,32,0.0003168508595521,4,0.9642,18.18913698196411,4.6319776e-05,1.3318487198e-05,CarbonTracker,,96.41999999999999,0.046319776,0.013318487198,0.98317528296115,2081.6162841547416,7239.560962635389,5.3009661808368165,21.225821190524538
18,SimpleNN,MNIST,mps,256,0.0002655508003757,6,0.9418,10.011934995651243,3.7131732e-05,1.0676616928e-05,CarbonTracker,,94.17999999999999,0.037131732,0.010676616928000001,0.9603344549811358,2536.375087485819,8821.146308341164,9.40677302049082,25.862904940204128
19,SimpleNN,MNIST,mps,32,0.0038654252189357,4,0.9691,16.67423725128174,3.7223778e-05,1.0703083241e-05,CarbonTracker,,96.91,0.037223778,0.010703083241,0.9881717140817782,2603.4434226423764,9054.400289887459,5.811960003900663,26.546787219765232
20,SimpleNN,MNIST,mps,256,0.0008123445182062,3,0.9504,4.434921979904175,8.722398e-06,2.507981494e-06,CarbonTracker,,95.04,0.008722398,0.002507981494,0.9691037014377485,10896.086145117433,37895.016461393396,21.429914760767343,111.1051916500197
21,SimpleNN,MNIST,mps,256,0.0038996974356306,3,0.9733,4.455245018005371,9.167447e-06,2.63594799e-06,CarbonTracker,,97.33000000000001,0.009167447,0.00263594799,0.9924543693280311,10616.91439285114,36924.09727704833,21.8461610094735,108.25853362752258
22,SimpleNN,MNIST,mps,256,0.0001799300104184,2,0.9039,2.9740989208221436,5.909645e-06,1.699220948e-06,CarbonTracker,,90.39,0.005909645,0.0016992209479999999,0.9216885897828081,15295.334998972021,53194.96567317507,30.3923986412036,155.96344446795166
23,SimpleNN,MNIST,mps,128,0.0012232737235011,3,0.9656,5.600570201873779,1.034873e-05,2.975606559e-06,CarbonTracker,,96.56,0.01034873,0.002975606559,0.9846028347099011,9330.613514895063,32450.52666924169,17.241101623490763,95.14238314362255
24,SimpleNN,MNIST,mps,256,0.0021407492702299,2,0.9566,3.330540895462036,6.253101e-06,1.79797605e-06,CarbonTracker,,95.66,0.006253101,0.00179797605,0.9754257163250738,15298.009739487656,53204.26821035797,28.72206137157471,155.9907182572413
25,SimpleNN,MNIST,mps,256,0.0004039213426537,6,0.9537,8.801692008972168,1.7449684e-05,5.017368854e-06,CarbonTracker,,95.37,0.017449684,0.005017368854,0.9724686448455184,5465.42848569636,19007.970666531346,10.835416633845268,55.729871374491275
26,SimpleNN,MNIST,mps,64,0.0002102402249535,3,0.9403,7.832332134246826,1.3354783e-05,3.839947555e-06,CarbonTracker,,94.03,0.013354783,0.003839947555,0.9588049352503313,7040.92309100043,24487.313603427585,12.005364224641902,71.79487193841571
27,SimpleNN,MNIST,mps,128,0.0002172337635895,5,0.9389,9.353344917297363,1.7259135e-05,4.9625794579999995e-06,CarbonTracker,,93.89,0.017259135000000002,0.004962579458,0.9573773835015804,5440.017706565247,18919.59630966578,10.03812014099544,55.470762787450255
28,SimpleNN,MNIST,mps,256,0.0023782669843599,4,0.971,5.932086944580078,1.1827468e-05,3.400793346e-06,CarbonTracker,,97.1,0.011827468,0.003400793346,0.9901091057407972,8209.703040414059,28552.161252082147,16.368607019274485,83.71268522906146
29,SimpleNN,MNIST,mps,256,0.0002420003762238,6,0.9392,8.866614818572998,1.752652e-05,5.03946167e-06,CarbonTracker,,93.92,0.01752652,0.00503946167,0.9576832874477413,5358.736360669432,18636.911271516823,10.592543143214558,54.64195330549027
30,SimpleNN,MNIST,mps,256,0.0022577892940052,4,0.9691,5.882700204849243,1.1541877e-05,3.3186761740000003e-06,CarbonTracker,,96.91,0.011541877,0.003318676174,0.9881717140817782,8396.381281831369,29201.40288445027,16.47372747639169,85.6162055861259
31,SimpleNN,MNIST,mps,256,0.0001689258460695,3,0.9129,4.390031814575195,8.597043e-06,2.471937848e-06,CarbonTracker,,91.29,0.008597043,0.002471937848,0.9308657081676354,10618.767406421022,36930.54017270745,20.794837909126578,108.27742843296646
32,SimpleNN,MNIST,mps,32,0.0040153094741313,4,0.9692,15.563512086868286,2.5719276e-05,7.395153327e-06,CarbonTracker,,96.92,0.025719276,0.007395153327,0.9882736820638319,3768.379794205716,13105.88107026006,6.2273861747295625,38.42540832268497
33,SimpleNN,MNIST,mps,128,0.0012240501392507,2,0.9557,3.7214488983154297,6.83598e-06,1.965573174e-06,CarbonTracker,,95.57,0.006835979999999999,0.001965573174,0.974508004486591,13980.438795900514,48621.94970106973,25.680857808704886,142.55571322423282
34,SimpleNN,MNIST,mps,256,0.0005624822953523,4,0.9492,5.866331100463867,1.2540317e-05,3.605761351e-06,CarbonTracker,,94.92,0.012540317,0.0036057613509999998,0.9678800856531049,7569.186648152515,26324.53752760855,16.18047095781798,77.18146882994304
35,SimpleNN,MNIST,mps,64,0.0001166681448521,5,0.9352,12.9492769241333,2.1715387e-05,6.243901146e-06,CarbonTracker,,93.52000000000001,0.021715387,0.006243901146,0.953604568165596,4306.623685776358,14977.815601694987,7.22202487041641,43.913772670300375
36,SimpleNN,MNIST,mps,256,0.0006501732843905,4,0.9541,5.8745551109313965,1.1504e-05,3.307785426e-06,CarbonTracker,,95.41,0.011504,0.003307785426,0.972876516773733,8293.636995827537,28844.07170128211,16.241229880107973,84.5685428349907
37,SimpleNN,MNIST,mps,64,0.0038494790049109,2,0.9711,5.139147996902466,8.523591e-06,2.450818086e-06,CarbonTracker,,97.11,0.008523590999999999,0.002450818086,0.990211073722851,11393.085379155336,39623.503904565194,18.89612831903876,116.17299254772445
38,SimpleNN,MNIST,mps,64,0.0043809084555038,6,0.9697,15.458601236343384,2.5509555e-05,7.33485175e-06,CarbonTracker,,96.97,0.025509555,0.00733485175,0.9887835219741,3801.32072080442,13220.444435022153,6.27288320058494,38.76130030390966
39,SimpleNN,MNIST,mps,32,0.0007580307590219,5,0.9765,19.108526945114136,3.1682111e-05,9.109668381e-06,CarbonTracker,,97.65,0.031682111000000006,0.009109668381,0.9957173447537473,3082.1809821952834,10719.380323840134,5.110284025580954,31.42837750785442
40,SimpleNN,MNIST,mps,256,0.0002186210509098,4,0.924,5.9003520011901855,1.103524e-05,3.173001235e-06,CarbonTracker,,92.4,0.01103524,0.003173001235,0.9421841541755889,8373.175390838804,29120.69462210594,15.660082649537113,85.37957979849907
41,SimpleNN,MNIST,mps,32,0.0001300866763365,4,0.9421,15.461552143096924,2.5600737e-05,7.361069407e-06,CarbonTracker,,94.21000000000001,0.025600737000000002,0.007361069407,0.9606403589272968,3679.9721820508526,12798.41213158663,6.093178687888828,37.523933741723795
42,SimpleNN,MNIST,mps,256,0.0001763165771829,4,0.9203,5.8760833740234375,1.1197187e-05,3.219566329e-06,CarbonTracker,,92.03,0.011197186999999999,0.003219566329,0.9384113388396043,8219.028582803878,28584.595127314737,15.66179275243771,83.80777590296601
43,SimpleNN,MNIST,mps,256,0.0019442020807912,4,0.9688,5.928802728652954,1.1713319e-05,3.367971572e-06,CarbonTracker,,96.88,0.011713319,0.003367971572,0.9878658101356173,8270.926455601524,28765.088400811477,16.34056730067851,84.33696803917124
44,SimpleNN,MNIST,mps,64,0.0001349800214133,4,0.9375,10.320446014404297,1.7356684e-05,4.990628175e-06,CarbonTracker,,93.75,0.017356683999999997,0.004990628175,0.9559498317528295,5401.377359868971,18785.210340780395,9.08390973308253,55.076754969603044
45,SimpleNN,MNIST,mps,256,0.0059241303957898,5,0.9753,7.328949928283691,1.455384e-05,4.184716446e-06,CarbonTracker,,97.53,0.01455384,0.004184716446,0.9944937289691036,6701.324186606422,23306.238608645745,13.307499840272449,68.33205043954747
46,SimpleNN,MNIST,mps,64,0.0001899883799825,4,0.9428,10.309208154678345,1.6999885e-05,4.888036498e-06,CarbonTracker,,94.28,0.016999885,0.004888036498,0.9613541348016722,5545.919869457941,19287.90835309348,9.14522226978369,56.55062577197859
47,SimpleNN,MNIST,mps,32,0.0081779114876944,6,0.9655,22.820237159729004,3.6589114e-05,1.0520595931e-05,CarbonTracker,,96.55,0.036589114,0.010520595931,0.9845008667278473,2638.7629938237915,9177.23678708215,4.2308938037849275,26.90693375980209
48,SimpleNN,MNIST,mps,64,0.0001692400280919,5,0.9467,12.916903972625732,2.1335775e-05,6.134750177e-06,CarbonTracker,,94.67,0.021335775,0.006134750177,0.965330886101764,4437.148404499017,15431.761240242595,7.32915567078847,45.24470688792715
49,SimpleNN,MNIST,mps,128,0.0036503546282633,2,0.9718,3.7712502479553223,7.211273e-06,2.073482695e-06,CarbonTracker,,97.18,0.007211273,0.002073482695,0.9909248495972265,13476.122731728505,46868.00629411571,25.768642654432327,137.4133040861477
0,SimpleNN,MNIST,mps,64,0.0051652741510542,5,0.9754,20.93315029144287,1.1360460133281928e-06,3.825225973317891e-07,Eco2AI,256.0,97.54,0.0011360460133281929,0.0003825225973317891,0.9945956969511573,85859.1983560983,254991.4715636959,4.659594883808423,875.4889197114132
1,SimpleNN,MNIST,mps,256,0.0052868379594549,3,0.975,6.755043029785156,3.8082454474836897e-07,1.282289557604023e-07,Eco2AI,256.0,97.5,0.00038082454474836896,0.0001282289557604023,0.9941878250229427,256023.41378606108,760358.6835892213,14.433660832372372,2610.619086224748
2,SimpleNN,MNIST,mps,64,0.0001300035667723,3,0.918,9.46515417098999,5.436461642261748e-07,1.8305327454125226e-07,Eco2AI,64.0,91.8,0.0005436461642261748,0.00018305327454125225,0.9360660752523706,168859.83207601213,501493.35066558595,9.698732671609337,1721.829632670665
3,SimpleNN,MNIST,mps,64,0.000379672009024,2,0.9305,6.853829860687256,3.9382094011974307e-07,1.3260502403147918e-07,Eco2AI,64.0,93.05,0.0003938209401197431,0.0001326050240314792,0.948812073009075,236274.8917609808,701707.9532213712,13.576351017074936,2409.2473922808276
4,SimpleNN,MNIST,mps,128,0.0009729535687592,5,0.9631,11.34040117263794,6.624336968074355e-07,2.2305069978681885e-07,Eco2AI,64.0,96.31,0.0006624336968074355,0.00022305069978681885,0.9820536351585601,145388.1353925095,431785.2402707029,8.492644883884378,1482.4934780514884
5,SimpleNN,MNIST,mps,32,0.0002623541825497,6,0.9672,24.90235280990601,1.44131881575125e-06,4.853122237268664e-07,Eco2AI,128.0,96.72,0.00144131881575125,0.0004853122237268664,0.9862343224227592,67105.20874563565,199294.3826084916,3.883970351649879,684.2582721080416
6,SimpleNN,MNIST,mps,64,0.0017132041170877,6,0.9786,17.301693201065063,9.469254239517492e-07,3.188430472004893e-07,Eco2AI,128.0,97.86,0.0009469254239517492,0.0003188430472004893,0.9978586723768735,103344.9916167701,306922.17020014045,5.656093820573347,1053.788025051189
7,SimpleNN,MNIST,mps,32,0.0014581376971808,4,0.9753,28.11994695663452,1.5086014149115577e-06,5.079672168205302e-07,Eco2AI,256.0,97.53,0.0015086014149115576,0.0005079672168205302,0.9944937289691036,64649.283128053896,192000.5795068037,3.4683564713122306,659.2156941781777
8,SimpleNN,MNIST,mps,256,0.0003511937601107,4,0.9459,8.384943962097168,4.334424847896419e-07,1.459461528234595e-07,Eco2AI,256.0,94.59,0.00043344248478964194,0.0001459461528234595,0.964515142245335,218229.64596077002,648115.7479664345,11.280934067965076,2225.243662289895
9,SimpleNN,MNIST,mps,64,0.0001044179618183,2,0.9075,6.993750095367432,3.6195634972955306e-07,1.2187577034283673e-07,Eco2AI,64.0,90.75,0.00036195634972955307,0.00012187577034283673,0.925359437136739,250720.83986869323,744610.6781087012,12.975871136732724,2556.5498100203245
10,SimpleNN,MNIST,mps,128,0.0011488219308499,2,0.9448,5.658167123794556,2.9385988016656485e-07,9.894673569040473e-08,Eco2AI,64.0,94.48,0.00029385988016656484,9.894673569040474e-05,0.9633934944427449,321513.7770642495,954857.1697768712,16.69798680966471,3278.4111049683847
11,SimpleNN,MNIST,mps,256,0.0005389551906484,6,0.958,10.878690242767334,5.648356507416945e-07,1.901880713038389e-07,Eco2AI,128.0,95.8,0.0005648356507416944,0.0001901880713038389,0.9768532680738247,169606.85798462533,503711.9275843158,8.8062071685231,1729.446905114972
12,SimpleNN,MNIST,mps,64,0.0005085453408151,4,0.956,13.392854928970335,6.995517451749341e-07,2.3554886632483277e-07,Eco2AI,64.0,95.6,0.0006995517451749341,0.00023554886632483278,0.974813908432752,136658.94004180303,405860.5821017333,7.138134513292297,1393.4836345651374
13,SimpleNN,MNIST,mps,64,0.0002672963374918,3,0.9549,13.423374891281128,7.013798802184585e-07,2.361644249878781e-07,Eco2AI,256.0,95.49,0.0007013798802184585,0.00023616442498787808,0.973692260630162,136145.90707999462,404336.9360347196,7.113710283248032,1388.2523409808769
14,SimpleNN,MNIST,mps,128,0.0007140540438438,2,0.9467,5.643259048461914,2.9576203144188185e-07,9.95872166549218e-08,Eco2AI,128.0,94.67,0.00029576203144188185,9.958721665492181e-05,0.965330886101764,320088.415468579,950624.0176190446,16.77576719179719,3263.8769804076574
15,SimpleNN,MNIST,mps,64,0.0004288657464273,2,0.9437,6.904627799987793,3.625950233227589e-07,1.2209082068309942e-07,Eco2AI,128.0,94.37,0.00036259502332275893,0.00012209082068309943,0.962271846640155,260262.81093217834,772949.1821907565,13.6676447643082,2653.8473634361
16,SimpleNN,MNIST,mps,256,0.0078078629309475,6,0.9725,10.64651107788086,5.62713136871101e-07,1.8947339116841589e-07,Eco2AI,64.0,97.25,0.000562713136871101,0.0001894733911684159,0.9916386254716019,172823.4043739355,513264.6827097641,9.13444782883344,1762.2453795649585
17,SimpleNN,MNIST,mps,32,0.0091422789122806,2,0.9613,9.485417127609251,5.021654273718923e-07,1.6908612971209938e-07,Eco2AI,128.0,96.13000000000001,0.0005021654273718924,0.0001690861297120994,0.9802182114815948,191430.9404036457,568526.8221803836,10.134504229676304,1951.9826695589447
18,SimpleNN,MNIST,mps,32,0.0024764910905717,6,0.9779,24.553312063217163,1.303663439174064e-06,4.389617312580558e-07,Eco2AI,128.0,97.78999999999999,0.001303663439174064,0.00043896173125805576,0.997144896502498,75011.69171542837,222775.68415755915,3.9827620708856335,764.8790834651613
19,SimpleNN,MNIST,mps,32,0.0008577397925984,5,0.971,19.985326766967773,1.064851559097709e-06,3.58550427870026e-07,Eco2AI,64.0,97.1,0.001064851559097709,0.000358550427870026,0.9901091057407972,91186.41858615175,270812.67362257506,4.8585645424867,929.8095093927984
20,SimpleNN,MNIST,mps,128,0.0080435345031606,2,0.9647,5.6372458934783936,2.9923278451178705e-07,1.0075586780410186e-07,Eco2AI,64.0,96.47,0.00029923278451178705,0.00010075586780410186,0.9836851228714183,322391.1449321823,957462.8466062661,17.112966477407706,3287.3574480695647
21,SimpleNN,MNIST,mps,256,0.0080509183624926,2,0.9723,5.076406002044678,2.689056261817768e-07,9.05442890141708e-08,Eco2AI,256.0,97.23,0.00026890562618177684,9.054428901417081e-05,0.9914346895074946,361576.6668053042,1073839.1240201006,19.15331436469771,3686.9243071816472
22,SimpleNN,MNIST,mps,256,0.0009419553288275,6,0.974,11.430802822113035,6.079178300456079e-07,2.046944442259768e-07,Eco2AI,256.0,97.39999999999999,0.0006079178300456079,0.0002046944442259768,0.9931681452024063,160219.02169359423,475831.1852004795,8.520836332823311,1633.7210328703397
23,SimpleNN,MNIST,mps,64,0.0001260339176239,3,0.9196,9.469485759735107,5.045150157578367e-07,1.6987726901588425e-07,Eco2AI,64.0,91.96,0.0005045150157578367,0.00016987726901588425,0.9376975629652288,182274.0594982411,541331.9894576439,9.711192596225247,1858.6118027759876
24,SimpleNN,MNIST,mps,64,0.0001184402842749,4,0.9398,17.271528959274292,9.226811793280376e-07,3.106796706162609e-07,Eco2AI,256.0,93.97999999999999,0.0009226811793280376,0.0003106796706162609,0.9582950953400631,101855.33432950583,302498.06758704956,5.441324866003572,1038.5982902978058
25,SimpleNN,MNIST,mps,64,0.0029042901425231,6,0.9761,17.06411600112915,8.692476678538697e-07,2.926878592337479e-07,Eco2AI,128.0,97.61,0.0008692476678538696,0.0002926878592337479,0.9953094728255327,112292.5071987761,333495.2131446156,5.7201908375178085,1145.0240358802498
26,SimpleNN,MNIST,mps,128,0.0001144824725831,3,0.9238,7.678883790969849,3.998053393581813e-07,1.3462005503665065e-07,Eco2AI,256.0,92.38,0.0003998053393581813,0.00013462005503665065,0.9419802182114815,231062.4469105395,686227.6202074743,12.030394327445908,2356.0971439842915
27,SimpleNN,MNIST,mps,128,0.0011552175805652,4,0.969,9.475497245788574,4.96419343459138e-07,1.671513428135002e-07,Eco2AI,128.0,96.89999999999999,0.000496419343459138,0.0001671513428135002,0.9880697460997245,195197.873082027,579714.1582530782,10.226376250921039,1990.3933219335881
28,SimpleNN,MNIST,mps,256,0.0001886510037,4,0.9238,7.904299020767212,4.1417328386614826e-07,1.3945794310370625e-07,Eco2AI,128.0,92.38,0.00041417328386614825,0.00013945794310370624,0.9419802182114815,223046.73816154496,662421.931257818,11.687310887061223,2274.362579397827
29,SimpleNN,MNIST,mps,32,0.0058703283891513,2,0.9654,9.269527196884155,4.86574168144216e-07,1.6383633445251153e-07,Eco2AI,64.0,96.54,0.000486574168144216,0.00016383633445251152,0.9843988987457938,198407.5734398347,589246.5814900323,10.414770672710342,2023.121988781836
30,SimpleNN,MNIST,mps,256,0.0008097337492619,3,0.936,6.277360916137695,3.300257402937253e-07,1.1112428711726145e-07,Eco2AI,64.0,93.60000000000001,0.0003300257402937253,0.00011112428711726145,0.9544203120220252,283614.2414730903,842300.116636345,14.910724626231906,2891.9571884683423
31,SimpleNN,MNIST,mps,128,0.0036519753063557,5,0.9684,11.343201160430908,4.7238409945786466e-07,1.5905833966485546e-07,Eco2AI,64.0,96.84,0.00047238409945786464,0.00015905833966485547,0.9874579382074028,205002.66649774875,608833.2130465283,8.537272559161881,2090.3708218389797
32,SimpleNN,MNIST,mps,256,0.0002809215634583,2,0.9163,4.865062952041626,1.981930063326824e-07,6.67343599343028e-08,Eco2AI,128.0,91.63,0.00019819300633268242,6.673435993430281e-05,0.9343326195574588,462327.11080729,1373055.8004932676,18.8342886625028,4714.2562537706735
33,SimpleNN,MNIST,mps,64,0.0008400909752888,5,0.9763,21.180119037628177,8.004229180361714e-07,2.695136024236315e-07,Eco2AI,256.0,97.63,0.0008004229180361713,0.00026951360242363147,0.9955134087896399,121973.01926278436,362245.16730158037,4.6095113925730296,1243.734263921529
34,SimpleNN,MNIST,mps,128,0.0083573195472595,3,0.9663,7.591598033905029,2.5450481879602194e-07,8.569533555608373e-08,Eco2AI,256.0,96.63000000000001,0.00025450481879602194,8.569533555608373e-05,0.9853166105842766,379678.4691823304,1127599.2954921103,12.728545369293567,3871.5047331735536
35,SimpleNN,MNIST,mps,64,0.0008807635300637,3,0.9572,9.477485179901125,3.171792447528787e-07,1.067986922177208e-07,Eco2AI,64.0,95.72,0.0003171792447528787,0.00010679869221772081,0.9760375242173956,301785.1942821087,896265.6565575196,10.099725632174358,3077.2427274610855
36,SimpleNN,MNIST,mps,32,0.0034958800531848,4,0.9695,17.200349807739258,5.695030992399097e-07,1.9175966655746698e-07,Eco2AI,128.0,96.95,0.0005695030992399098,0.00019175966655746697,0.9885795860099929,170236.12361266307,505580.7706619359,5.636513273490379,1735.8633997416443
37,SimpleNN,MNIST,mps,256,0.0001140628627214,3,0.9124,6.652371883392334,2.1746566003078746e-07,7.322373225160657e-08,Eco2AI,256.0,91.24,0.00021746566003078745,7.322373225160657e-05,0.930355868257367,419560.49514706276,1246044.10611695,13.715408819489019,4278.173703956997
38,SimpleNN,MNIST,mps,32,0.0004785645541012,2,0.9468,9.080254077911375,2.9743301331564e-07,1.0014985964556241e-07,Eco2AI,64.0,94.67999999999999,0.00029743301331564,0.00010014985964556241,0.9654328540838175,318323.77631707035,945383.2520093324,10.427021004876785,3245.88331107444
39,SimpleNN,MNIST,mps,256,0.0002825387296795,2,0.9165,4.968699216842651,2.252889093199429e-07,7.585792981275524e-08,Eco2AI,128.0,91.64999999999999,0.00022528890931994289,7.585792981275524e-05,0.9345365555215661,406810.9711954072,1208179.556523956,18.4454715409879,4148.169381007517
40,SimpleNN,MNIST,mps,32,0.0032963919629135,2,0.9706,15.870434045791626,7.239489124598701e-07,2.437637341100127e-07,Eco2AI,256.0,97.06,0.0007239489124598701,0.0002437637341100127,0.9897012338125828,134070.23386526632,398172.43674235797,6.115774762048015,1367.0871200700144
41,SimpleNN,MNIST,mps,32,0.0036320584281657,5,0.9712,21.210082054138184,9.678066187295069e-07,3.258740378188872e-07,Eco2AI,128.0,97.11999999999999,0.0009678066187295068,0.00032587403781888716,0.9903130417049045,100350.62596233819,298029.26508056745,4.578954468544898,1023.2550827198755
42,SimpleNN,MNIST,mps,32,0.0096135089980456,3,0.9569,13.502565145492554,6.159648696757358e-07,2.074039951279957e-07,Eco2AI,128.0,95.69,0.0006159648696757358,0.0002074039951279957,0.9757316202712347,155349.76864893993,461370.0904890796,7.0868015794719845,1584.070242163148
43,SimpleNN,MNIST,mps,32,0.0023529877395193,5,0.9739,21.285675048828125,9.747304904900982e-07,3.282054023748829e-07,Eco2AI,128.0,97.39,0.0009747304904900981,0.0003282054023748829,0.9930661772203527,99914.79793663985,296734.9083692387,4.575377561509931,1018.8110322895874
44,SimpleNN,MNIST,mps,256,0.001187537320796,5,0.9583,9.212590217590332,4.236360817636372e-07,1.4264419963496133e-07,Eco2AI,64.0,95.83,0.00042363608176363717,0.00014264419963496132,0.9771591720199856,226208.30501748252,671811.4037951571,10.402069096379012,2306.6004386405884
45,SimpleNN,MNIST,mps,128,0.0064814163318409,5,0.9676,11.338692903518677,5.223586685588089e-07,1.7588547672511078e-07,Eco2AI,64.0,96.76,0.0005223586685588089,0.00017588547672511078,0.9866421943509738,185236.707695426,550130.6975517087,8.533611486203403,1888.821328596166
46,SimpleNN,MNIST,mps,32,0.000270247871045,5,0.9538,20.10767698287964,9.267415610626512e-07,3.120468579916495e-07,Eco2AI,64.0,95.38,0.0009267415610626511,0.0003120468579916495,0.9725706128275721,102919.73944778329,305659.222508667,4.74346191662069,1049.4518144976373
47,SimpleNN,MNIST,mps,64,0.0028845165632822,3,0.976,9.4285569190979,4.333681696220992e-07,1.4592112986613554e-07,Eco2AI,128.0,97.6,0.0004333681696220992,0.00014592112986613553,0.995207504843479,225212.66406138698,668854.4701479207,10.35153108131611,2296.4480887262866
48,SimpleNN,MNIST,mps,64,0.0009893766774671,2,0.9596,6.946446180343628,3.196047319590889e-07,1.0761538771687265e-07,Eco2AI,128.0,95.96000000000001,0.0003196047319590889,0.00010761538771687265,0.978484755786683,300245.8674869789,891694.0414921236,13.814258040541393,3061.546522759038
49,SimpleNN,MNIST,mps,128,0.0049563470310717,2,0.9646,5.6232287883758545,2.586363600494224e-07,8.708648333768123e-08,Eco2AI,64.0,96.46000000000001,0.0002586363600494224,8.708648333768124e-05,0.9835831548893648,372956.0684412959,1107634.5754595762,17.153845882884724,3802.957769361638
0,,,mps,256,0.0006055956577659,6,0.958,9.28010106086731,5.155611700481838e-05,1.2012575262122684e-05,Cumulator,128.0,95.8,0.05155611700481838,0.012012575262122684,0.9768532680738247,1858.1694193735852,7974.97604881367,10.323163440964361,18.947378600729937
1,,,mps,32,0.0016151521521609,5,0.975,20.041801929473877,0.0001113433440526,2.5942999164263405e-05,Cumulator,128.0,97.5,0.1113433440526,0.025942999164263406,0.9941878250229427,875.6697657108248,3758.2393378135966,4.864832031725378,8.929027895491227
2,,,mps,256,0.0015970270061112,2,0.9607,3.546591281890869,1.9703279601203072e-05,4.590864147080316e-06,Cumulator,256.0,96.07,0.01970327960120307,0.004590864147080316,0.9796064035892729,4875.838030240104,20926.343477425336,27.08798177296036,49.717936476395465
3,,,mps,32,0.0008538085944139,2,0.9702,16.195261001586914,8.997366693284776e-05,2.096386439535353e-05,Cumulator,256.0,97.02,0.08997366693284777,0.02096386439535353,0.9892933618843682,1078.3155039397393,4627.963536222057,5.990641335789116,10.995365595388389
4,,,mps,64,0.0004514670869796,3,0.9545,8.031498908996582,4.461943970786201e-05,1.0396329451931847e-05,Cumulator,128.0,95.45,0.04461943970786201,0.010396329451931847,0.9732843887019476,2139.2021196353476,9181.124976975741,11.884456572991688,21.81301233440754
5,,,mps,256,0.0001277747348731,4,0.9171,6.267624855041504,3.482013278537326e-05,8.11309093899197e-06,Cumulator,128.0,91.71000000000001,0.03482013278537326,0.00811309093899197,0.9351483634138881,2633.8210875095865,11303.953165277197,14.632337148613964,26.856542138366333
6,,,mps,256,0.0022069819735575,2,0.9625,3.46443510055542,1.9246856371561685e-05,4.484517534573873e-06,Cumulator,256.0,96.25,0.019246856371561684,0.0044845175345738725,0.9814418272662383,5000.816660232099,21462.732447348066,27.782307131274923,50.992318346406634
7,,,mps,256,0.0012144056553446,4,0.9574,6.380316972732544,3.5446200105879043e-05,8.258964624669817e-06,Cumulator,64.0,95.74000000000001,0.035446200105879046,0.008258964624669816,0.976241460181503,2700.9947389006793,11592.252098286179,15.005524084330368,27.541498306318744
8,,,mps,64,0.0004566281038973,4,0.9516,10.699444055557253,5.944134924146864e-05,1.3849834373262194e-05,Cumulator,64.0,95.16,0.05944134924146864,0.013849834373262194,0.9703273172223921,1600.9057872059977,6870.840288437758,8.89392004910519,16.324113257938183
9,,,mps,32,0.0020855646268929,3,0.9723,12.116011142730711,6.731116639243232e-05,1.5683501769436733e-05,Cumulator,128.0,97.23,0.06731116639243233,0.015683501769436732,0.9914346895074946,1444.48544292246,6199.508338723003,8.024918337776162,14.72912657206546
10,,,mps,128,0.000421639382106,6,0.9605,11.639169931411743,6.466204457812839e-05,1.5066256386703917e-05,Cumulator,128.0,96.05,0.0646620445781284,0.015066256386703917,0.9794024676251656,1485.4154493049919,6375.173602167346,8.252306699361839,15.14648158769238
11,,,mps,128,0.0004854342932018,5,0.9518,9.618421077728271,5.343567132949829e-05,1.2450511419773102e-05,Cumulator,64.0,95.17999999999999,0.053435671329498294,0.012450511419773103,0.9705312531864992,1781.2071530475453,7644.665892907919,9.895595049419493,18.162609901575863
12,,,mps,256,0.0001505943928011,4,0.9165,6.340903997421265,3.522723913192749e-05,8.207946717739105e-06,Cumulator,128.0,91.64999999999999,0.03522723913192749,0.008207946717739105,0.9345365555215661,2601.6799005101393,11166.008156695876,14.453775051202864,26.528804940452115
13,,,mps,128,0.0015295699269129,3,0.9687,6.248897075653076,3.4716088242001004e-05,8.088848560386235e-06,Cumulator,128.0,96.87,0.034716088242001,0.008088848560386235,0.9877638421535637,2790.3489392218607,11975.746520265495,15.501935593950563,28.452625055795455
14,,,mps,64,0.0024732205318064,3,0.9715,8.5690438747406,4.760579400592381e-05,1.1092150003380246e-05,Cumulator,64.0,97.15,0.04760579400592381,0.011092150003380246,0.9906189456510656,2040.7179846199222,8758.446285922413,11.33732087501313,20.80878948322547
15,,,mps,256,0.0003053563973984,2,0.9163,3.5858678817749023,1.9921482933892144e-05,4.641705523596869e-06,Cumulator,128.0,91.63,0.019921482933892145,0.004641705523596869,0.9343326195574588,4599.557186785083,19740.588784485335,25.553088686202727,46.90075646767699
16,,,mps,32,0.0016953003508751,3,0.9739,12.310296773910522,6.839053233464559e-05,1.5934994033972424e-05,Cumulator,128.0,97.39,0.06839053233464559,0.015934994033972423,0.9930661772203527,1424.0275177776869,6111.706084882777,7.911263374771007,14.520521237663779
17,,,mps,64,0.0037079607299123,6,0.9748,15.946960926055908,8.859422206878662e-05,2.064245374202728e-05,Cumulator,128.0,97.48,0.08859422206878662,0.02064245374202728,0.9939838890588355,1100.2974880722386,4722.306815760681,6.112763457062618,11.219511451740987
18,,,mps,256,0.0001464270355098,2,0.897,3.198829889297486,1.7771266566382513e-05,4.140705109967125e-06,Cumulator,128.0,89.7,0.017771266566382515,0.004140705109967125,0.9146527990211073,5047.47366570278,21662.977106020517,28.04150364485295,51.46807041605771
19,,,mps,128,0.0074337590424763,6,0.9685,11.438030004501345,6.354461113611857e-05,1.4805894394715626e-05,Cumulator,64.0,96.85000000000001,0.06354461113611858,0.014805894394715627,0.9875599061894565,1524.126094540702,6541.313710475117,8.467367191892789,15.541206225560334
20,,,mps,128,0.0001095391192034,2,0.8957,3.971334934234619,2.206296788321601e-05,5.140671516789331e-06,Cumulator,64.0,89.57000000000001,0.02206296788321601,0.00514067151678933,0.9133272152544101,4059.743932643745,17423.79370233367,22.55412889702855,41.39638964661716
21,,,mps,64,0.0026057474654932,5,0.9753,14.51932692527771,8.066292736265395e-05,1.8794462075498368e-05,Cumulator,128.0,97.53,0.08066292736265394,0.01879446207549837,0.9944937289691036,1209.1056348787477,5189.294570295054,6.717253527104154,12.329006167826527
22,,,mps,256,0.0014563729457483,6,0.9726,10.047789096832275,5.5821050537957086e-05,1.3006304775344e-05,Cumulator,128.0,97.26,0.055821050537957086,0.013006304775344,0.9917405934536555,1742.3534502251143,7477.911803541264,9.679741390139524,17.766426534364374
23,,,mps,64,0.0001306592696423,5,0.9469,16.61497712135315,9.2305416531033e-05,2.1507162051730686e-05,Cumulator,256.0,94.69,0.09230541653103301,0.021507162051730686,0.9655348220658713,1025.8336244890384,4402.719418407892,5.699074955589725,10.460218461191378
24,,,mps,128,0.0002794848144943,3,0.9344,6.089724063873291,3.383179505666097e-05,7.882808248202006e-06,Cumulator,128.0,93.44,0.03383179505666097,0.007882808248202006,0.9527888243091668,2761.898972357456,11853.643658186507,15.343880776852258,28.16252648472984
25,,,mps,32,0.0078503532179447,5,0.9676,39.6654257774353,0.0002203634712431,5.134468879964616e-05,Cumulator,256.0,96.76,0.2203634712431,0.05134468879964616,0.9866421943509738,439.0927382572249,1884.5181899450292,2.4394040427783437,4.477340045449423
26,,,mps,64,0.0029875733482354,6,0.9715,15.209566116333008,8.449758821063572e-05,1.9687938053078123e-05,Cumulator,128.0,97.15,0.08449758821063572,0.019687938053078124,0.9906189456510656,1149.7369576729734,4934.4933805707005,6.387427442501078,11.723635746639882
27,,,mps,32,0.0010027137566817,5,0.9807,40.325299978256226,0.0002240294390254,5.2198859292931024e-05,Cumulator,256.0,98.07000000000001,0.2240294390254,0.05219885929293103,1.0,437.7549683944931,1878.776688387921,2.431971989120484,4.4636990761139295
28,,,mps,32,0.0002494119568172,3,0.9406,10.929232835769652,6.071795490052965e-05,1.4147283491823409e-05,Cumulator,64.0,94.06,0.06071795490052965,0.014147283491823408,0.9591108391964922,1549.129909828032,6648.626222437905,8.606276525846946,15.796165084409418
29,,,mps,64,0.0001302769256477,5,0.9506,20.16417407989502,0.00011202318271,2.610140157143275e-05,Cumulator,256.0,95.06,0.11202318271,0.026101401571432748,0.9693076374018558,848.5743548822976,3641.9500209536836,4.714301692861348,8.652741458981314
30,,,mps,64,0.0002888751780062,3,0.9331,7.694748878479004,4.27485982577006e-05,9.96042339404424e-06,Cumulator,64.0,93.31,0.0427485982577006,0.00996042339404424,0.9514632405424697,2182.7616296913648,9368.075663911437,12.126451619619884,22.25717986837325
31,,,mps,128,0.0003583888002766,4,0.9363,7.708967208862305,4.282758368386163e-05,9.97882699833976e-06,Cumulator,64.0,93.63,0.04282758368386163,0.00997882699833976,0.9547262159681859,2186.2078582612594,9382.866344468925,12.145595831872527,22.292320365670026
32,,,mps,32,0.000100744767897,2,0.9162,7.404829978942871,4.113786750369602e-05,9.585123128361172e-06,Cumulator,64.0,91.62,0.04113786750369602,0.009585123128361172,0.9342306515754053,2227.1450991417687,9558.562657260809,12.373005222340009,22.709749150012932
33,,,mps,64,0.000229664033031,4,0.9585,15.915624856948853,8.842013279596964e-05,2.0601890941460925e-05,Cumulator,256.0,95.85000000000001,0.08842013279596964,0.020601890941460924,0.977363107984093,1084.0291341924906,4652.485554474209,6.022383717982103,11.053626330095753
34,,,mps,64,0.0001433692657412,5,0.9518,20.07214379310608,0.0001115119046635,2.598227378659778e-05,Cumulator,256.0,95.17999999999999,0.1115119046635,0.02598227378659778,0.9705312531864992,853.5411558722506,3663.2667633998954,4.741895085102481,8.703386926402064
35,,,mps,64,0.0001129029156622,5,0.927,12.615234851837158,7.008463409211901e-05,1.632971974346373e-05,Cumulator,64.0,92.7,0.07008463409211901,0.01632971974346373,0.9452431936371979,1322.686508973642,5676.766132934086,7.348257966557007,13.487167420960967
36,,,mps,64,0.0030677812793642,6,0.9775,23.28725504875183,0.0001293736325369,3.0144056381119623e-05,Cumulator,256.0,97.75,0.1293736325369,0.030144056381119624,0.9967370245742836,755.5635416831918,3242.761981470568,4.19757501669306,7.704328965873272
37,,,mps,128,0.000189055817221,5,0.937,9.517815113067629,5.287673870722453e-05,1.2320280118783316e-05,Cumulator,128.0,93.7,0.05287673870722453,0.012320280118783316,0.9554399918425613,1772.0457481088524,7605.346558407091,9.844696381142471,18.069192904138394
38,,,mps,128,0.0001119960933575,4,0.9208,7.732913017272949,4.29606212510003e-05,1.000982475148307e-05,Cumulator,128.0,92.08,0.0429606212510003,0.010009824751483069,0.9389211787498725,2143.3582038308164,9198.962248200929,11.907543741190622,21.855391086273233
39,,,mps,256,0.0035135459220446,2,0.9525,3.160585880279541,1.755881044599745e-05,4.091202833917406e-06,Cumulator,64.0,95.25,0.01755881044599745,0.004091202833917406,0.9712450290608748,5424.62715757105,23281.661620476607,30.136817542061387,55.31382846508667
40,,,mps,32,0.0001230596694706,6,0.9508,22.351721048355103,0.0001241762227482,2.8933059900336795e-05,Cumulator,128.0,95.08,0.12417622274819999,0.028933059900336795,0.9695115733659629,765.6860379204782,3286.2061713318203,4.253811140283405,7.8075460173394315
41,,,mps,64,0.0077638908318337,4,0.9647,10.17298936843872,5.651660097969903e-05,1.3168368028269874e-05,Cumulator,64.0,96.47,0.05651660097969903,0.013168368028269874,0.9836851228714183,1706.932093008431,7325.888811194982,9.482954961035759,17.405242102665756
42,,,mps,256,0.0006462114579568,6,0.9593,9.09813117980957,5.054516659842597e-05,1.1777023817433253e-05,Cumulator,128.0,95.93,0.05054516659842597,0.011777023817433252,0.9781788518405221,1897.9064954350624,8145.52143963546,10.543923593109577,19.3525695466
43,,,mps,128,0.0008421925239799,3,0.9479,5.780375957489014,3.2113194465637206e-05,7.482374310493469e-06,Cumulator,64.0,94.78999999999999,0.03211319446563721,0.007482374310493469,0.9665545018864076,2951.746208289251,12668.438662185628,16.398587340532885,30.0983604393724
44,,,mps,256,0.0001664360112879,5,0.9266,7.623294115066528,4.235162734985352e-05,9.86792917251587e-06,Cumulator,128.0,92.66,0.04235162734985352,0.009867929172515869,0.9448353217089833,2187.8734253719413,9390.014701167129,12.154850462461969,22.309303817395136
45,,,mps,128,0.0004394135148611,5,0.9568,9.569438934326172,5.316353771421644e-05,1.2387104287412433e-05,Cumulator,128.0,95.67999999999999,0.05316353771421644,0.012387104287412432,0.9756296522891811,1799.7297417326358,7724.161981685131,9.998496323205522,18.35148100063868
46,,,mps,64,0.001228462309631,5,0.9759,20.04454493522644,0.0001113585776752,2.5946548598342472e-05,Cumulator,256.0,97.59,0.11135857767520001,0.025946548598342473,0.9951055368614254,876.3581758797345,3761.193887892831,4.86865630102156,8.93604747506612
47,,,mps,32,0.0015952278800905,4,0.9736,14.368788957595823,7.98265986972385e-05,1.8599597496456577e-05,Cumulator,64.0,97.36,0.0798265986972385,0.018599597496456576,0.9927602732741918,1219.6435973585837,5234.521877075465,6.775797200955634,12.436459644729108
48,,,mps,128,0.0083519705102996,5,0.9679,9.465797901153564,5.2587759494781495e-05,1.2252947962284088e-05,Cumulator,64.0,96.78999999999999,0.0525877594947815,0.012252947962284088,0.9869480982971346,1840.542379631231,7899.323517730605,10.225234154661651,18.76763923351923
49,,,mps,64,0.0003261061289724,6,0.9726,23.70806121826172,0.0001317114445898,3.0688766589429645e-05,Cumulator,256.0,97.26,0.1317114445898,0.030688766589429647,0.9917405934536555,738.4324141528094,3169.2378289813696,4.102402094570394,7.529646315415615
