trial,device,batch_size,learning_rate,epochs,channels,noise_factor,psnr,time_sec,energy_kwh,co2_kg,tool,noise_std,energy_wh,co2_g,relative_psnr,aer_energy,aer_co2,aer_time,aer_relative
0,mps,32,0.007044828991441,3,64,0.2455630082087796,11.226295416347517,35.86023712158203,7.192240226058839e-05,2.378603303081727e-05,CodeCarbon,,0.07192240226058838,0.02378603303081727,0.37024593789003696,156.08899401986795,471.97005914364485,0.3130569209089561,5.1478527726113255
1,mps,8,0.000195624616718,4,64,0.1405104102301937,24.92032295074463,63.87364101409912,9.485125393181216e-05,3.136901699782105e-05,CodeCarbon,,0.09485125393181217,0.03136901699782105,0.821878277849823,262.7305588248697,794.4247329291716,0.3901503430068102,8.664917370946567
2,mps,8,0.0007022571820292,2,64,0.0962563816098287,27.0814197555542,34.406835079193115,6.488553431740949e-05,2.145881413838503e-05,CodeCarbon,,0.0648855343174095,0.021458814138385032,0.8931517731297296,417.3722238777644,1262.018468537438,0.7870941832697417,13.765036884193265
3,mps,16,0.0005075190909565,2,64,0.1084755833108012,26.216233212280272,33.80093312263489,5.922204233185712e-05,1.9585795395907124e-05,CodeCarbon,,0.05922204233185712,0.019585795395907123,0.8646177116887815,442.6769523647086,1338.532986909417,0.7756067892316411,14.599592949594724
4,mps,32,0.0001602037321941,1,32,0.0891621156123252,22.766730299392066,13.8058979511261,1.0010545667776217e-05,3.310667642155615e-06,CodeCarbon,,0.010010545667776217,0.003310667642155615,0.7508522713657942,2274.274655444388,6876.779175746067,1.6490582778453073,75.00612816569785
5,mps,16,0.0009613612955035,3,64,0.1407240833592526,24.731886932373047,38.112403869628906,5.554788957463239e-05,1.8370686944343276e-05,CodeCarbon,,0.05554788957463239,0.018370686944343274,0.8156636123910238,445.2354017724483,1346.2690321435434,0.6489196277666822,14.683971229818262
6,mps,32,0.0001411621075677,1,64,0.2965595882302561,19.775939228435675,16.206897020339966,1.129760740306425e-05,3.736322125126603e-06,CodeCarbon,,0.011297607403064252,0.003736322125126603,0.6522152585283335,1750.4537485584642,5292.889254768305,1.2202174915788317,57.73038797147731
7,mps,8,0.0004392765142665,1,128,0.1345026374733665,25.02998435974121,38.08381223678589,5.252117604711381e-05,1.7369698299949385e-05,CodeCarbon,,0.05252117604711381,0.017369698299949384,0.8254949376399403,476.5693810300099,1441.0143416143358,0.657234212901729,15.717373443797888
8,mps,16,0.0044060958206656,1,128,0.2610845673649009,20.396763330078127,37.04672527313232,6.598598792340842e-05,2.1822753954053787e-05,CodeCarbon,,0.06598598792340842,0.021822753954053788,0.6726901875456686,309.1074934538096,934.6557896873154,0.5505685908727439,10.194439891185336
9,mps,16,0.0014378442715801,1,64,0.132423364835242,24.426181756591795,19.71836805343628,3.684591414270583e-05,1.2185607033447388e-05,CodeCarbon,,0.036845914142705834,0.012185607033447388,0.8055813817595238,662.9278259181772,2004.510870040872,1.2387527046050393,21.86352002665674
10,mps,32,0.0082673673655666,3,128,0.2065305819916924,18.72004081189823,80.66082692146301,0.0001871055412334,6.187917038565983e-05,CodeCarbon,,0.1871055412334,0.06187917038565983,0.6173914733838388,100.05070233888154,302.5257238457822,0.23208342297464124,3.2996963602146323
11,mps,32,0.0001238787884977,3,64,0.2755883576933399,20.880301752791237,35.716866970062256,6.873341051657089e-05,2.273137605921929e-05,CodeCarbon,,0.06873341051657089,0.02273137605921929,0.688637401669625,303.78678427076187,918.5674328907464,0.5846061965707414,10.018961615524692
12,mps,32,0.0080481247452014,3,128,0.1731686651080274,19.099877037560216,81.63350915908813,0.0001767354144813,5.844958280642929e-05,CodeCarbon,,0.1767354144813,0.05844958280642929,0.6299185639688636,108.07045714983813,326.77525006148176,0.2339710400092957,3.56418981344293
13,mps,8,0.0037447514566176,4,64,0.0743353244901127,28.218994569396973,56.58259105682373,6.878378863541562e-05,2.2748037009927383e-05,CodeCarbon,,0.06878378863541562,0.022748037009927384,0.9306692656106405,410.2564736433766,1240.50240278236,0.4987222048749538,13.53035772053205
14,mps,16,0.0001654289610713,4,32,0.0755834707709558,27.227997970581058,29.706247806549072,3.265293277070775e-05,1.0798912620062926e-05,CodeCarbon,,0.03265293277070775,0.010798912620062925,0.897985958110987,833.8607181712852,2521.3647825981207,0.916574794228248,27.500928152969802
15,mps,16,0.0010208288038283,1,64,0.21725711850328,22.14647914123535,17.890955924987793,1.2938456666341568e-05,4.278980511779151e-06,CodeCarbon,,0.012938456666341568,0.004278980511779151,0.7303962381631841,1711.6785805565023,5175.643843263754,1.2378589067062642,56.45157355306955
16,mps,32,0.0036735245552178,1,128,0.1249306549832563,19.537476722424785,33.781310081481934,8.11512222135024e-05,2.6838169908005088e-05,CodeCarbon,,0.08115122221350239,0.026838169908005086,0.6443507074083759,240.75394294152764,727.9735089760086,0.5783516588107321,7.940123264109819
17,mps,32,0.0004024233541958,4,128,0.2206005459536711,22.38858325336688,102.71792101860046,0.0002428476091521,8.031407560357535e-05,CodeCarbon,,0.2428476091521,0.08031407560357536,0.7383808903337161,92.19190310967603,278.76288290828813,0.21796180288065495,3.0405112609992977
18,mps,8,0.0001136344358978,4,32,0.1164053617562242,25.42876262969971,42.82568597793579,4.7504681357665063e-05,1.5710653209244273e-05,CodeCarbon,,0.047504681357665064,0.015710653209244273,0.8386467414269626,535.2896157379798,1618.5681327837613,0.5937736208779202,17.653980985847486
19,mps,16,0.0008352860303097,2,32,0.1816952989506203,23.106481896972657,17.560503005981445,1.2629588505283389e-05,4.176832251290311e-06,CodeCarbon,,0.012629588505283389,0.004176832251290311,0.762057361222301,1829.5514447922374,5532.058868257058,1.3158211862782145,60.33904912289948
0,mps,16,0.0023214015568027,3,128,,24.580200207519532,59.24144792556763,0.000269900161,7.760533805600001e-05,CarbonTracker,0.1427688174745983,0.269900161,0.077605338056,0.8106609475201996,91.07145440909733,316.7333694208311,0.41491558812679064,3.0035585918757546
1,mps,8,0.0017887830675208,3,64,,22.134262791442872,22.93318486213684,0.000107686431,3.0963456514e-05,CarbonTracker,0.2276645348404295,0.107686431,0.030963456514,0.7299933399925265,205.54365657677775,714.8511595091122,0.9651630562655514,6.778879504257379
2,mps,8,0.0024154546545833,1,128,,20.987988777160645,21.599207162857056,9.0576557e-05,2.6043794354e-05,CarbonTracker,0.2799002604436354,0.090576557,0.026043794353999998,0.6921889457772368,231.71546228193068,805.8729266512256,0.971701813817153,7.64203198601639
3,mps,32,0.0001870900899231,2,32,,20.80487045312461,7.101539134979248,2.7386942e-05,7.874663213e-06,CarbonTracker,0.2380963633156566,0.027386941999999997,0.007874663213,0.6861496591636986,759.663873868233,2642.0013009291106,2.9296283605125,25.053898283484834
4,mps,8,0.0004157532174151,4,64,,27.75923663482666,37.18406677246094,9.0657549e-05,2.6067082326e-05,CarbonTracker,0.0889181199626183,0.090657549,0.026067082326,0.9155063377369008,306.19884324058506,1064.9153705682995,0.7465357892317888,10.098511903701487
5,mps,16,0.0019970576677648,2,128,,22.100816143798827,47.795746088027954,0.000129589055,3.7261194534e-05,CarbonTracker,0.2317335059944635,0.12958905499999998,0.037261194534,0.7288902614642156,170.5453916906704,593.1322497895856,0.4624013213036697,5.624628264047575
6,mps,8,0.0005840324569829,2,128,,30.321184562683104,50.700310945510864,0.000128882255,3.7057965968999994e-05,CarbonTracker,0.0580311433345956,0.128882255,0.037057965969,1.0,235.2626788124021,818.2096283440815,0.5980473097151255,7.75902004507913
7,mps,8,0.0053683421113737,2,32,,22.98675485229492,12.904172897338867,2.6968816e-05,7.754438192e-06,CarbonTracker,0.1845188830736161,0.026968816,0.007754438192,0.7581087343330637,852.3457185623173,2964.335298462963,1.781342751307626,28.110567936429383
8,mps,32,0.0007153941573101,3,128,,24.154579570879953,71.86829710006714,0.000184770368,5.3127670504e-05,CarbonTracker,0.15877430623913,0.184770368,0.053127670504,0.7966238759882581,130.72756109291265,454.65158441421494,0.33609505923380767,4.311426581064438
9,mps,8,0.0010981780119922,2,32,,27.521811753845213,12.443377017974854,2.6079042e-05,7.498598213e-06,CarbonTracker,0.0803673424650172,0.026079042,0.007498598213,0.9076760077413619,1055.3229583297275,3670.2608903797277,2.2117638735922798,34.804806393630635
10,mps,8,0.0018773724079554,2,64,,25.28140502471924,18.435107707977295,4.9170259e-05,1.4138096696e-05,CarbonTracker,0.1296663001478368,0.049170259,0.014138096696,0.8337868519765411,514.1605014673452,1788.175987781435,1.3713727863808138,16.957137687164533
11,mps,16,0.0018363487536851,3,128,,21.384933630371098,73.03063106536865,0.000188008379,5.4058707134000006e-05,CarbonTracker,0.2712740100831493,0.188008379,0.054058707134,0.7052802830365001,113.74457747104503,395.5872192311668,0.29282142737106787,3.751323673911896
12,mps,16,0.000176161875206,4,64,,24.957694891357423,35.50143218040466,7.5862951e-05,2.1813139947e-05,CarbonTracker,0.1365884644335173,0.075862951,0.021813139946999998,0.823110813489568,328.9839712583475,1144.1587479839143,0.7030052974914361,10.849970936268589
13,mps,8,0.007358600276332,1,32,,22.51859753112793,6.541277885437012,1.2654226e-05,3.638513852e-06,CarbonTracker,0.1977525175435711,0.012654226,0.003638513852,0.7426687926579895,1779.5317968185436,6188.954734568351,3.442537975838264,58.68938903556721
14,mps,8,0.0002866017370463,1,128,,21.122227532958984,25.267077207565308,6.7544884e-05,1.9421416767e-05,CarbonTracker,0.2816762107530762,0.067544884,0.019421416767,0.6966161724088622,312.71395081467585,1087.5739801253287,0.8359584830268655,10.313381727161781
15,mps,16,0.0014342615187678,3,128,,26.037444677734378,78.90049910545349,0.000181341932,5.2141880422e-05,CarbonTracker,0.1170411989366364,0.181341932,0.052141880422,0.8587212225797797,143.58204079205672,499.35760787692095,0.330003548430465,4.73537043037448
16,mps,32,0.0013953730704626,1,32,,26.802665198572907,6.6686317920684814,1.1781988e-05,3.387716222e-06,CarbonTracker,0.0805856792078299,0.011781988,0.003387716222,0.8839583804242097,2274.884781632175,7911.720888696358,4.019215040550205,75.02625027492896
17,mps,8,0.0003022833868971,1,128,,21.165299281311036,27.214447021484375,6.5217553e-05,1.8752231208e-05,CarbonTracker,0.2750382858641273,0.065217553,0.018752231208,0.698036689086336,324.53378435267325,1128.68165108169,0.7777229228505781,10.703202695849935
18,mps,32,0.0036530561546251,3,64,,25.29536392894416,25.809842824935913,5.2164565e-05,1.4999059848e-05,CarbonTracker,0.1281444015849598,0.052164565,0.014999059847999999,0.8342472200138142,484.91469120741556,1686.4632973857417,0.9800665622227387,15.992603791746642
19,mps,16,0.0002352815542472,1,128,,27.14171019592285,25.32986307144165,5.7056946e-05,1.6405783296e-05,CarbonTracker,0.085417752142907,0.057056946,0.016405783296,0.8951401664342198,475.695109863098,1654.3989217839082,1.0715300797075362,15.68853976927226
0,mps,16,0.0003595246628797,4,128,,25.32886449279785,108.35474514961244,2.180572261783027e-06,7.342292085540101e-07,Eco2AI,0.1332854690556562,0.002180572261783027,0.0007342292085540101,0.8353520767117587,11615.695997199722,34497.21721460861,0.2337587011793959,383.0884632223569
1,mps,8,0.0001895302415937,1,128,,25.191171640014648,38.2926070690155,9.107686147876848e-07,3.066685433596205e-07,Eco2AI,0.1288650934312664,0.0009107686147876848,0.0003066685433596205,0.8308109331262056,27659.24432506617,82144.62221667697,0.6578599256669079,912.2085671780437
2,mps,32,0.0017602304934454,1,32,,22.336845373574157,11.24583888053894,3.054868306154883e-07,1.028616926838635e-07,Eco2AI,0.1791793734056112,0.0003054868306154883,0.0001028616926838635,0.7366745625454411,73118.84878497172,217154.16877519715,1.9862320286509116,2411.4773165874453
3,mps,16,0.0092492353916469,4,32,,23.37420145263672,29.46305990219116,6.290450281706702e-07,2.11808267615459e-07,Eco2AI,0.1732091100345907,0.0006290450281706702,0.00021180826761545902,0.7708868169155839,37158.232568201645,110355.47250248474,0.7933392366655843,1225.487496749485
4,mps,16,0.0046274380032282,3,32,,25.725962969970706,24.388890266418457,5.332476608627227e-07,1.795519528797308e-07,Eco2AI,0.1131006667410429,0.0005332476608627227,0.0001795519528797308,0.8484484805264557,48243.930275005005,143278.65866879607,1.0548230234728346,1591.096488175458
5,mps,32,0.0005206288639379,1,64,,23.277702069511047,15.84164810180664,3.380054435808688e-07,1.1381116492988866e-07,Eco2AI,0.1640843315052952,0.0003380054435808688,0.00011381116492988866,0.767704243921901,68867.831899109,204529.16094700253,1.4693990120167086,2271.277751591079
6,mps,8,0.0008818394885786,1,32,,26.489681478881835,17.45635485649109,3.524167704612561e-07,1.186636604490914e-07,Eco2AI,0.0938485087890924,0.0003524167704612561,0.0001186636604490914,0.8736361016542613,75165.78011940567,223233.30814699022,1.51748069380199,2478.985607043655
7,mps,16,0.0007184033280908,2,32,,21.427333154296875,17.11272883415222,3.82981638098651e-07,1.2895527929074918e-07,Eco2AI,0.2524948618730173,0.00038298163809865097,0.00012895527929074918,0.7066786295898191,55948.721877829244,166160.96116534874,1.2521283637437128,1845.2023786262778
8,mps,32,0.0072753370353906,2,128,,11.226129336859852,56.50796580314636,1.247675677833513e-06,4.201098681860335e-07,Eco2AI,0.1738691559100068,0.001247675677833513,0.0004201098681860335,0.3702404605483678,8997.634189962819,26721.889169927057,0.19866454538405595,296.7441516462516
9,mps,16,0.0011379362280687,4,128,,25.738557510375976,109.7126407623291,2.4560001612371704e-06,8.269696382908125e-07,Eco2AI,0.1230383699660136,0.0024560001612371706,0.0008269696382908126,0.848863851514988,10479.868005143204,31123.94496558862,0.23459974467421224,345.62858134642244
10,mps,8,0.0052956612554586,4,64,,23.627620335388183,74.37174820899963,1.694614340900671e-06,5.706003731820286e-07,Eco2AI,0.1704936500525148,0.001694614340900671,0.0005706003731820286,0.7792446329576178,13942.771381735347,41408.35065288449,0.3176961803962144,459.83597220324293
11,mps,16,0.0003472992645121,2,64,,25.50576817932129,33.59657526016235,7.522074769978341e-07,2.532787884098487e-07,Eco2AI,0.120720262367437,0.0007522074769978341,0.0002532787884098487,0.8411864030771329,33907.88972361509,100702.34597793703,0.7591776239635097,1118.2904036455823
12,mps,32,0.000732118660922,1,32,,22.521945514618015,11.044435977935793,2.692039362534615e-07,9.064473419164805e-08,Eco2AI,0.1686652402385224,0.0002692039362534615,9.064473419164805e-05,0.7427792099631961,83661.27861300326,248463.9148149565,2.039211921696283,2759.169201983187
13,mps,8,0.005340015211084,3,64,,23.374758894348144,53.55244183540344,1.0901998841719282e-06,3.670855637990666e-07,Eco2AI,0.1741995181564718,0.0010901998841719282,0.00036708556379906664,0.770905201478043,21440.80111703797,63676.59532136463,0.4364835307826267,707.1228062582225
14,mps,8,0.0003750801461469,4,128,,23.152835563659668,137.3712601661682,2.7522540712485955e-06,9.267224773463996e-07,Eco2AI,0.2017779628882461,0.0027522540712485956,0.0009267224773463995,0.7635861163601877,8412.317672821568,24983.569655023453,0.16854206284235387,277.44027135321016
15,mps,32,0.002207877430219,1,64,,21.16015874235013,15.992916822433472,3.81656622483888e-07,1.2850912798303985e-07,Eco2AI,0.2477654995312312,0.000381656622483888,0.00012850912798303984,0.6978671528681755,55442.92302498544,164658.79953012185,1.3230956539878018,1828.5210101329671
16,mps,16,0.0060101481709927,1,32,,23.834431869506837,13.30159616470337,3.2564240052427826e-07,1.0964835525013185e-07,Eco2AI,0.1336092771920082,0.00032564240052427825,0.00010964835525013186,0.7860653273698401,73192.04081266395,217371.54027650747,1.7918475026894154,2413.8912073620927
17,mps,32,0.0028518970391028,1,32,,25.545639287930328,10.34491491317749,2.562416392822797e-07,8.628014732929351e-08,Eco2AI,0.1080677475567584,0.0002562416392822797,8.628014732929352e-05,0.8425013618818132,99693.55238080124,296077.83573240566,2.4693909522049284,3287.9174682210833
18,mps,16,0.0018258646387809,4,128,,23.582754638671876,118.56699109077454,2.979709033895688e-06,1.0033097476391523e-06,Eco2AI,0.1792830593704111,0.002979709033895688,0.0010033097476391524,0.7777649514292277,7914.44881711811,23504.959155598262,0.19889814544266363,261.0204360834432
19,mps,32,0.0083606957459528,4,64,,19.048030539442557,50.07069516181946,1.244843310807179e-06,4.191561705551286e-07,Eco2AI,0.1992157010428203,0.001244843310807179,0.00041915617055512857,0.628208653921963,15301.548696190099,45443.75552008558,0.3804227298599062,504.64877665175476
4,mps,16,0.0002994207654884,1,64,0.0796124236757668,27.195281982421875,16.21326184272766,9.007367690404256e-05,2.098716671864191e-05,Cumulator,,0.09007367690404255,0.02098716671864191,0.8969069769091956,301.9226361925205,1295.8053055472985,1.677347978847336,9.957481561063506
5,mps,8,0.0061750325144094,3,64,0.1445689790989071,24.207418948364257,42.713013887405396,0.0002372945162985,5.5289622297551894e-05,Cumulator,,0.2372945162985,0.055289622297551896,0.7983665314367967,102.01423667925391,437.82934197103583,0.5667457466751649,3.3644541976372815
6,mps,16,0.0002382540029319,4,32,0.1308528786665856,24.341571530151366,26.90868878364563,0.0001494927154646,3.4831802703274623e-05,Cumulator,,0.14949271546460002,0.03483180270327462,0.8027909160286908,162.82781040200896,698.8318043000099,0.9045989466772351,5.370100566664683
7,mps,32,0.0055104622254552,2,128,0.1296537563273729,11.225886817176502,53.56609916687012,0.0002975894398159,6.933833947711521e-05,Cumulator,,0.2975894398159,0.06933833947711521,0.37023246219055794,37.7227324468276,161.90013925674631,0.20957073581567714,1.2441048392698262
8,mps,32,0.0002948589439104,1,32,0.1144251130529903,24.104684232522885,8.834256887435913,4.907919963200887e-05,1.1435453514258069e-05,Cumulator,,0.04907919963200887,0.011435453514258068,0.7949783156621463,491.1384947851125,2107.8905355584225,2.7285468986989256,16.197866338954533
9,mps,16,0.0016382524512421,1,32,0.2315706653083479,21.784734411621095,8.867277145385742,4.926264418496026e-05,1.1478196095095742e-05,Cumulator,,0.049262644184960264,0.011478196095095742,0.7184658094932085,442.2161004965281,1897.9231780966873,2.456755783589915,14.584393943525953
10,mps,8,0.0010523877112492,1,32,0.1980841629880951,22.49915587310791,19.38992476463318,0.0001077217989497,2.509917915529675e-05,Cumulator,,0.10772179894969999,0.02509917915529675,0.74202760207456,208.86353637311373,896.4100273518247,1.1603529227790457,6.888369942847362
11,mps,32,0.0001439085574145,4,64,0.0712883936875015,28.284751849433484,38.05743217468262,0.0002114301787482,4.926323164833916e-05,Cumulator,,0.2114301787482,0.049263231648339165,0.9328379566095217,133.77821471323088,574.1554279536807,0.7432123039622646,4.4120378752575
12,mps,16,0.0001543603183528,1,64,0.1122292743918496,25.114050549316406,14.431061029434204,8.017255597644382e-05,1.8680205542511407e-05,Cumulator,,0.08017255597644382,0.01868020554251141,0.8282674609033835,313.24996744141947,1344.420461121972,1.7402774818908133,10.331059685146421
13,mps,32,0.0005793196638599,2,64,0.0910150134337708,26.981259678118526,21.384703159332275,0.0001188039064407,2.7681310200691226e-05,Cumulator,,0.1188039064407,0.027681310200691225,0.8898484695523706,227.1075125933338,974.7103544775414,1.2617084032959287,7.490060690862309
14,mps,16,0.0016609974644002,4,32,0.1943638149697043,22.732473431396485,25.165886878967285,0.0001398104786872,3.257584153413773e-05,Cumulator,,0.13981047868719998,0.03257584153413773,0.7497224715743395,162.59491881331857,697.8322695846269,0.9033050788444672,5.36241974574527
15,mps,8,0.0010479330724167,2,32,0.1394301700189733,24.739497970581056,34.23651194572449,0.0001902028494411,4.431726391977734e-05,Cumulator,,0.1902028494411,0.04431726391977734,0.8159146262718395,130.0690186465483,558.2361315302371,0.7226056792759977,4.289707691916063
16,mps,8,0.0004030632107257,3,64,0.1057433601308383,26.666648495483397,37.98959422111511,0.0002110532959302,4.917541795174281e-05,Cumulator,,0.2110532959302,0.04917541795174281,0.8794725166609283,126.35030586919926,542.275990854864,0.7019461260963331,4.167063645155247
17,mps,8,0.0005497300299339,1,128,0.2327201686816042,22.029627700805666,36.041179180145264,0.000200228773223,4.665330416096582e-05,Cumulator,,0.200228773223,0.04665330416096582,0.7265424493975072,110.02228773719096,472.19865981620126,0.6112349318731939,3.628561658260464
18,mps,16,0.0062444076208314,4,64,0.1039138796855868,11.235256639099122,45.47552990913391,0.0002526418328285,5.8865547049045555e-05,Cumulator,,0.2526418328285,0.058865547049045557,0.37054148118364016,44.471085858239135,190.86302943448632,0.24706158810130727,1.4666671668550377
19,mps,16,0.0019419370967676,4,64,0.2461262001758376,21.62851810913086,45.04079484939575,0.000250226632754,5.8302805431683864e-05,Cumulator,,0.25022663275400003,0.05830280543168386,0.7133137580564551,86.43571577927935,370.96873725011415,0.48019841082846737,2.850670810719497
